Date,Open,High,Low,Close,Volume,Stoch RSI 3_3_14_14 K,Stoch RSI 3_3_14_14 D
2020-01-01 00:00:00+00:00,155.34,155.35,152.44,153.92,210007,nan,nan
2020-01-02 00:00:00+00:00,153.92,158.1,150.0,155.83,225167,nan,nan
2020-01-03 00:00:00+00:00,155.83,157.33,155.23,155.76,119282,nan,nan
2020-01-04 00:00:00+00:00,155.76,159.14,154.81,158.78,138574,nan,nan
2020-01-05 00:00:00+00:00,158.78,162.6,158.74,162.04,243528,nan,nan
2020-01-06 00:00:00+00:00,162.04,162.94,157.35,159.76,293397,nan,nan
2020-01-07 00:00:00+00:00,159.76,163.12,159.47,162.82,263878,nan,nan
2020-01-08 00:00:00+00:00,162.82,165.99,158.02,162.53,295673,nan,nan
2020-01-09 00:00:00+00:00,162.53,164.81,162.1,162.51,132195,nan,nan
2020-01-10 00:00:00+00:00,162.51,166.85,162.17,162.65,118709,nan,nan
2020-01-11 00:00:00+00:00,162.65,164.0,159.47,160.66,157755,nan,nan
2020-01-12 00:00:00+00:00,160.66,163.89,160.26,162.98,229759,nan,nan
2020-01-13 00:00:00+00:00,162.98,165.41,161.14,161.68,284635,nan,nan
2020-01-14 00:00:00+00:00,161.68,162.61,159.4,160.8,176497,nan,nan
2020-01-15 00:00:00+00:00,160.8,164.87,158.81,161.1,237833,nan,nan
2020-01-16 00:00:00+00:00,161.1,165.9,159.64,165.77,142590,-nan(ind),nan
2020-01-17 00:00:00+00:00,165.77,166.74,161.72,162.48,246022,-nan(ind),nan
2020-01-18 00:00:00+00:00,162.48,165.82,161.51,163.32,127197,37.6469,-nan(ind)
2020-01-19 00:00:00+00:00,163.32,167.75,162.95,166.36,251218,22.9582,-nan(ind)
2020-01-20 00:00:00+00:00,166.36,167.72,165.79,166.22,192664,40.1865,33.5972
2020-01-21 00:00:00+00:00,166.22,168.52,163.83,165.58,239325,46.3607,36.5018
2020-01-22 00:00:00+00:00,165.58,166.92,162.8,164.15,296297,27.716,38.0877
2020-01-23 00:00:00+00:00,164.15,167.24,163.1,163.76,144973,10.4877,28.1881
2020-01-24 00:00:00+00:00,163.76,167.33,163.59,167.08,190140,15.2954,17.833
2020-01-25 00:00:00+00:00,167.08,169.73,164.06,167.84,278524,33.7173,19.8334
2020-01-26 00:00:00+00:00,167.84,170.33,165.03,169.81,212808,59.845,36.2859
2020-01-27 00:00:00+00:00,169.81,173.04,169.08,170.88,187404,74.5985,56.0536
2020-01-28 00:00:00+00:00,170.88,173.94,168.11,173.34,261591,89.51,74.6512
2020-01-29 00:00:00+00:00,173.34,174.39,169.1,171.89,165429,85.0299,83.0461
2020-01-30 00:00:00+00:00,171.89,175.87,168.29,175.7,154451,87.572,87.3706
2020-01-31 00:00:00+00:00,175.7,178.35,171.59,172.37,171839,63.8152,78.8057
2020-02-01 00:00:00+00:00,172.37,177.28,169.13,175.67,226250,61.6523,71.0132
2020-02-02 00:00:00+00:00,175.67,180.52,175.45,176.43,290172,50.653,58.7068
2020-02-03 00:00:00+00:00,176.43,180.67,175.21,176.96,127306,64.1736,58.8263
2020-02-04 00:00:00+00:00,176.96,178.85,175.08,178.52,110410,72.1689,62.3318
2020-02-05 00:00:00+00:00,178.52,179.42,178.43,179.26,103812,80.0931,72.1452
2020-02-06 00:00:00+00:00,179.26,181.81,177.41,180.26,262992,88.8301,80.364
2020-02-07 00:00:00+00:00,180.26,180.29,176.53,179.36,298488,82.9156,83.9463
2020-02-08 00:00:00+00:00,179.36,181.66,178.35,179.18,250472,72.8597,81.5352
2020-02-09 00:00:00+00:00,179.18,180.64,174.63,179.38,198204,61.4793,72.4182
2020-02-10 00:00:00+00:00,179.38,181.01,174.65,177.53,187021,39.9137,58.0842
2020-02-11 00:00:00+00:00,177.53,178.82,173.82,175.2,271543,20.4537,40.6156
2020-02-12 00:00:00+00:00,175.2,177.98,172.3,177.84,112548,9.68983,23.3524
2020-02-13 00:00:00+00:00,177.84,180.33,174.4,179.77,225224,25.6563,18.6
2020-02-14 00:00:00+00:00,179.77,184.44,179.48,179.69,229675,41.1315,25.4925
2020-02-15 00:00:00+00:00,179.69,183.07,175.62,179.72,251218,47.0193,37.9357
2020-02-16 00:00:00+00:00,179.72,183.49,176.3,179.85,161430,47.1046,45.0851
2020-02-17 00:00:00+00:00,179.85,181.14,176.15,177.32,143350,31.6294,41.9177
2020-02-18 00:00:00+00:00,177.32,179.46,173.9,175.69,192151,16.0517,31.5952
2020-02-19 00:00:00+00:00,175.69,176.2,175.47,176.2,269719,1.92,16.5337
2020-02-20 00:00:00+00:00,176.2,180.41,175.07,176.01,113470,3.12887,7.03353
2020-02-21 00:00:00+00:00,176.01,177.25,172.25,175.15,221890,3.12887,2.72591
2020-02-22 00:00:00+00:00,175.15,176.79,170.27,172.05,176702,1.20887,2.48887
2020-02-23 00:00:00+00:00,172.05,175.41,169.49,169.6,159295,0,1.44591
2020-02-24 00:00:00+00:00,169.6,171.11,166.8,170.12,105417,1.95667,1.05518
2020-02-25 00:00:00+00:00,170.12,173.75,167.64,168.01,250242,1.95667,1.30445
2020-02-26 00:00:00+00:00,168.01,169.8,165.56,166.11,245653,1.95667,1.95667
2020-02-27 00:00:00+00:00,166.11,166.44,161.85,165.26,170030,0,1.30445
2020-02-28 00:00:00+00:00,165.26,169.13,163.48,168.86,223273,10.5892,4.18196
2020-02-29 00:00:00+00:00,168.86,173.75,168.66,169.36,129040,22.4728,11.0207
2020-03-01 00:00:00+00:00,169.36,171.43,169.11,169.57,123001,38.8457,23.9692
2020-03-02 00:00:00+00:00,169.57,174.29,166.69,167.18,162439,39.9066,33.7417
2020-03-03 00:00:00+00:00,167.18,172.1,166.94,168.28,262874,44.3466,41.033
2020-03-04 00:00:00+00:00,168.28,170.33,164.91,170.22,131293,52.5122,45.5885
2020-03-05 00:00:00+00:00,170.22,174.78,166.05,166.77,297467,56.8592,51.2394
2020-03-06 00:00:00+00:00,166.77,168.81,166.48,167.74,295855,64.9064,58.0926
2020-03-07 00:00:00+00:00,167.74,168.75,165.32,167.64,200888,64.331,62.0322
2020-03-08 00:00:00+00:00,167.64,168.73,163.23,167.66,197225,72.414,67.2171
2020-03-09 00:00:00+00:00,167.66,172.08,164.78,167.62,243885,71.9357,69.5602
2020-03-10 00:00:00+00:00,167.62,169.33,166.45,168.64,109470,78.3906,74.2468
2020-03-11 00:00:00+00:00,168.64,171.09,167.44,170.75,105580,87.6436,79.3233
2020-03-12 00:00:00+00:00,170.75,174.96,168.69,174.78,276583,97.0845,87.7062
2020-03-13 00:00:00+00:00,174.78,175.99,171.35,173.3,206134,93.6521,92.7934
2020-03-14 00:00:00+00:00,173.3,177.27,168.63,172.12,280444,82.5229,91.0865
2020-03-15 00:00:00+00:00,172.12,172.41,171.77,171.92,199756,70.5788,82.2513
2020-03-16 00:00:00+00:00,171.92,176.66,171.14,174.03,173652,71.8645,74.9888
2020-03-17 00:00:00+00:00,174.03,178.77,172.83,175.16,159914,81.7096,74.7177
2020-03-18 00:00:00+00:00,175.16,176.46,172.95,175.11,196350,92.1108,81.895
2020-03-19 00:00:00+00:00,175.11,179.75,173.03,176.59,250064,97.173,90.3311
2020-03-20 00:00:00+00:00,176.59,178.7,171.62,178.44,124498,98.4571,95.9136
2020-03-21 00:00:00+00:00,178.44,181.46,177.28,180.58,260594,100,98.5434
2020-03-22 00:00:00+00:00,180.58,182.47,179.16,181.54,186819,100,99.4857
2020-03-23 00:00:00+00:00,181.54,183.53,180.78,183.04,278384,100,100
2020-03-24 00:00:00+00:00,183.04,186.17,179.43,183.45,270457,100,100
2020-03-25 00:00:00+00:00,183.45,187.61,178.88,180.46,115383,82.9218,94.3073
2020-03-26 00:00:00+00:00,180.46,183.66,178.47,182.97,215657,72.478,85.1333
2020-03-27 00:00:00+00:00,182.97,186.01,181.46,184.01,136138,64.5163,73.3054
2020-03-28 00:00:00+00:00,184.01,188.37,180.34,184.9,258337,75.7109,70.9017
2020-03-29 00:00:00+00:00,184.9,188.44,182.82,187.94,155665,86.1547,75.4606
2020-03-30 00:00:00+00:00,187.94,191.58,185.27,187.66,242178,91.7947,84.5534
2020-03-31 00:00:00+00:00,187.66,188.53,182.69,188.34,197173,97.4,91.7831
2020-04-01 00:00:00+00:00,188.34,191.87,187.51,190.03,210420,97.4,95.5316
2020-04-02 00:00:00+00:00,190.03,192.49,185.58,189.34,125647,92.819,95.873
2020-04-03 00:00:00+00:00,189.34,192.5,188.88,191.15,128014,92.1438,94.1209
2020-04-04 00:00:00+00:00,191.15,191.62,188.79,190.72,164954,86.7843,90.5824
2020-04-05 00:00:00+00:00,190.72,192.22,188.92,191.97,214178,92.5683,90.4988
2020-04-06 00:00:00+00:00,191.97,195.08,188.87,192.34,172797,93.5218,90.9581
2020-04-07 00:00:00+00:00,192.34,194.4,190.45,194.12,278405,98.8814,94.9905
2020-04-08 00:00:00+00:00,194.12,196.62,191.8,196.06,270883,100,97.4677
2020-04-09 00:00:00+00:00,196.06,199.98,195.34,197.44,138881,100,99.6271
2020-04-10 00:00:00+00:00,197.44,197.63,195.72,196.84,260457,92.3085,97.4362
2020-04-11 00:00:00+00:00,196.84,200.53,196.09,198.82,273442,89.9304,94.0796
2020-04-12 00:00:00+00:00,198.82,199.02,196.04,197.44,130871,64.8544,82.3644
2020-04-13 00:00:00+00:00,197.44,198.81,192.75,196.58,250863,39.2125,64.6657
2020-04-14 00:00:00+00:00,196.58,198.72,192.36,197.51,146177,12.9019,38.9896
2020-04-15 00:00:00+00:00,197.51,199.33,194.63,195.75,292602,4.64459,18.9197
2020-04-16 00:00:00+00:00,195.75,200.74,193.82,198.69,130713,14.854,10.8002
2020-04-17 00:00:00+00:00,198.69,202.54,195.19,201.51,116025,28.2395,15.9127
2020-04-18 00:00:00+00:00,201.51,204.24,196.95,203.72,185879,51.4314,31.5083
2020-04-19 00:00:00+00:00,203.72,207.51,199.6,207.15,129127,71.0709,50.2473
2020-04-20 00:00:00+00:00,207.15,211.16,207.0,210.25,276895,86.3741,69.6255
2020-04-21 00:00:00+00:00,210.25,211.15,210.13,210.16,238741,95.874,84.4397
2020-04-22 00:00:00+00:00,210.16,215.16,207.67,212.25,245439,99.3585,93.8689
2020-04-23 00:00:00+00:00,212.25,215.91,208.29,215.46,242435,99.3585,98.197
2020-04-24 00:00:00+00:00,215.46,216.59,214.95,215.88,142110,100,99.5723
2020-04-25 00:00:00+00:00,215.88,220.32,213.4,214.97,248011,94.3106,97.8897
2020-04-26 00:00:00+00:00,214.97,216.37,213.81,216.24,156938,90.1748,94.8285
2020-04-27 00:00:00+00:00,216.24,218.78,211.53,213.16,199590,68.1304,84.2053
2020-04-28 00:00:00+00:00,213.16,214.3,211.65,213.82,145079,53.0337,70.4463
2020-04-29 00:00:00+00:00,213.82,214.23,212.64,212.88,230176,23.8361,48.3334
2020-04-30 00:00:00+00:00,212.88,216.63,211.11,214.47,215348,16.9201,31.2633
2020-05-01 00:00:00+00:00,214.47,218.52,210.78,217.45,147758,15.9275,18.8946
2020-05-02 00:00:00+00:00,217.45,220.48,214.92,218.39,159717,29.5312,20.7929
2020-05-03 00:00:00+00:00,218.39,220.75,213.93,214.4,276823,25.1583,23.539
2020-05-04 00:00:00+00:00,214.4,217.39,211.49,217.24,216895,19.4058,24.6984
2020-05-05 00:00:00+00:00,217.24,217.35,213.81,213.92,211719,5.80216,16.7888
2020-05-06 00:00:00+00:00,213.92,216.69,212.81,214.2,106378,6.34162,10.5165
2020-05-07 00:00:00+00:00,214.2,214.93,212.48,213.77,162262,0.539464,4.22775
2020-05-08 00:00:00+00:00,213.77,213.86,209.47,211.16,148499,0.539464,2.47352
2020-05-09 00:00:00+00:00,211.16,211.9,206.56,208.12,220890,0,0.359643
2020-05-10 00:00:00+00:00,208.12,213.01,206.42,210.29,110026,4.69805,1.74584
2020-05-11 00:00:00+00:00,210.29,210.68,205.79,208.12,148804,4.72574,3.14127
2020-05-12 00:00:00+00:00,208.12,211.21,206.69,208.22,161335,4.98356,4.80245
2020-05-13 00:00:00+00:00,208.22,208.92,207.87,208.34,206597,0.838059,3.51579
2020-05-14 00:00:00+00:00,208.34,213.29,204.25,211.58,186706,8.7979,4.87317
2020-05-15 00:00:00+00:00,211.58,212.43,210.11,212.06,126628,17.5413,9.05907
2020-05-16 00:00:00+00:00,212.06,214.21,208.64,209.94,261106,21.9089,16.0827
2020-05-17 00:00:00+00:00,209.94,214.32,209.78,213.7,186753,29.8216,23.0906
2020-05-18 00:00:00+00:00,213.7,214.48,210.94,213.89,155627,46.823,32.8512
2020-05-19 00:00:00+00:00,213.89,215.69,210.77,215.62,131313,75.1963,50.6136
2020-05-20 00:00:00+00:00,215.62,215.93,210.79,211.67,252912,70.0707,64.03
2020-05-21 00:00:00+00:00,211.67,213.49,208.57,213.35,123561,62.3756,69.2142
2020-05-22 00:00:00+00:00,213.35,216.11,211.87,215.19,245390,55.137,62.5278
2020-05-23 00:00:00+00:00,215.19,218.83,213.98,215.11,182421,69.9304,62.481
2020-05-24 00:00:00+00:00,215.11,219.11,212.3,215.9,230413,80.6732,68.5802
2020-05-25 00:00:00+00:00,215.9,217.2,215.46,216.27,294102,85.2978,78.6338
2020-05-26 00:00:00+00:00,216.27,216.33,214.39,215.95,259751,87.9869,84.6527
2020-05-27 00:00:00+00:00,215.95,220.34,211.71,217.79,150418,92.27,88.5182
2020-05-28 00:00:00+00:00,217.79,218.49,215.49,218.41,115876,94.9239,91.727
2020-05-29 00:00:00+00:00,218.41,223.32,215.43,219.46,111797,100,95.7313
2020-05-30 00:00:00+00:00,219.46,221.74,219.2,221.4,164731,100,98.308
2020-05-31 00:00:00+00:00,221.4,223.03,216.63,218.48,159179,81.843,93.9477
2020-06-01 00:00:00+00:00,218.48,221.21,214.8,220.97,175244,72.318,84.7203
2020-06-02 00:00:00+00:00,220.97,225.04,216.61,220.29,158048,58.8485,71.0031
2020-06-03 00:00:00+00:00,220.29,224.71,219.14,223.41,231035,72.6894,67.952
2020-06-04 00:00:00+00:00,223.41,227.88,221.89,224.87,103586,82.2145,71.2508
2020-06-05 00:00:00+00:00,224.87,226.46,219.95,224.04,173543,88.014,80.9726
2020-06-06 00:00:00+00:00,224.04,228.72,223.2,226.53,210612,92.33,87.5195
2020-06-07 00:00:00+00:00,226.53,230.15,222.95,230.02,221233,92.33,90.8914
2020-06-08 00:00:00+00:00,230.02,233.4,226.49,228.62,233334,90.7047,91.7883
2020-06-09 00:00:00+00:00,228.62,228.93,228.14,228.86,286068,81.7536,88.2628
2020-06-10 00:00:00+00:00,228.86,230.77,224.48,226.74,161822,58.314,76.9241
2020-06-11 00:00:00+00:00,226.74,231.68,225.15,226.38,287649,41.7954,60.621
2020-06-12 00:00:00+00:00,226.38,226.68,222.08,222.7,179966,17.4132,39.1742
2020-06-13 00:00:00+00:00,222.7,224.48,221.13,221.25,107097,7.51946,22.2427
2020-06-14 00:00:00+00:00,221.25,223.28,219.81,222.85,214459,4.58738,9.84001
2020-06-15 00:00:00+00:00,222.85,226.11,219.63,225.06,192060,14.9714,9.02608
2020-06-16 00:00:00+00:00,225.06,225.57,223.36,225.36,165996,26.1166,15.2251
2020-06-17 00:00:00+00:00,225.36,229.41,221.16,221.97,143653,21.5579,20.8819
2020-06-18 00:00:00+00:00,221.97,222.39,218.53,221.27,192066,11.1738,19.6161
2020-06-19 00:00:00+00:00,221.27,223.32,216.6,219.68,112834,0.0286804,10.9201
2020-06-20 00:00:00+00:00,219.68,224.3,215.58,220.09,102778,1.1556,4.11937
2020-06-21 00:00:00+00:00,220.09,224.12,215.91,216.86,121155,1.1556,0.779958
2020-06-22 00:00:00+00:00,216.86,220.34,216.47,219.42,269873,7.95334,3.42151
2020-06-23 00:00:00+00:00,219.42,222.74,218.98,221.39,177675,21.2815,10.1302
2020-06-24 00:00:00+00:00,221.39,226.14,217.61,223.69,183244,42.9097,24.0482
2020-06-25 00:00:00+00:00,223.69,228.29,220.43,223.01,111726,60.5479,41.5797
2020-06-26 00:00:00+00:00,223.01,224.01,219.95,220.47,196515,60.5167,54.6581
2020-06-27 00:00:00+00:00,220.47,221.96,217.69,219.42,262865,49.516,56.8602
2020-06-28 00:00:00+00:00,219.42,219.9,216.51,218.4,124130,32.0424,47.3583
2020-06-29 00:00:00+00:00,218.4,219.88,215.93,219.35,268519,28.8111,36.7898
2020-06-30 00:00:00+00:00,219.35,222.96,215.52,217.13,111795,22.0107,27.6214
2020-07-01 00:00:00+00:00,217.13,220.34,216.35,219.32,157346,30.7598,27.1939
2020-07-02 00:00:00+00:00,219.32,223.28,218.01,220.69,268826,42.1075,31.626
2020-07-03 00:00:00+00:00,220.69,221.9,219.26,219.32,262369,54.186,42.3511
2020-07-04 00:00:00+00:00,219.32,223.18,216.13,219.74,183534,56.6285,50.974
2020-07-05 00:00:00+00:00,219.74,221.74,215.39,218.55,243537,43.4848,51.4331
2020-07-06 00:00:00+00:00,218.55,222.43,216.34,219.58,228791,43.7066,47.94
2020-07-07 00:00:00+00:00,219.58,221.7,216.19,216.73,146812,26.0791,37.7568
2020-07-08 00:00:00+00:00,216.73,218.02,214.68,216.56,191633,16.6538,28.8132
2020-07-09 00:00:00+00:00,216.56,221.05,213.37,214.26,214320,0.526383,14.4198
2020-07-10 00:00:00+00:00,214.26,214.33,209.91,213.28,152675,0,5.72673
2020-07-11 00:00:00+00:00,213.28,215.98,211.64,212.54,165509,0,0.175461
2020-07-12 00:00:00+00:00,212.54,212.62,209.93,212.49,153595,0,0
2020-07-13 00:00:00+00:00,212.49,217.35,212.03,216.37,274539,24.5473,8.18244
2020-07-14 00:00:00+00:00,216.37,216.56,212.42,213.63,253932,37.5072,20.6848
2020-07-15 00:00:00+00:00,213.63,218.62,208.87,214.09,246616,53.099,38.3845
2020-07-16 00:00:00+00:00,214.09,217.04,213.82,215.12,114647,53.058,47.8881
2020-07-17 00:00:00+00:00,215.12,219.6,212.77,214.28,240591,60.2315,55.4628
2020-07-18 00:00:00+00:00,214.28,216.53,212.55,214.12,198991,63.9511,59.0802
2020-07-19 00:00:00+00:00,214.12,216.61,212.6,213.06,212796,53.0511,59.0779
2020-07-20 00:00:00+00:00,213.06,215.93,208.28,211.13,203352,37.7894,51.5972
2020-07-21 00:00:00+00:00,211.13,214.95,210.23,214.95,148537,51.8112,47.5506
2020-07-22 00:00:00+00:00,214.95,217.4,211.38,213.5,119594,63.3647,50.9884
2020-07-23 00:00:00+00:00,213.5,213.78,212.37,213.55,179789,84.0098,66.3953
2020-07-24 00:00:00+00:00,213.55,216.32,210.93,214.8,123333,84.0098,77.1281
2020-07-25 00:00:00+00:00,214.8,215.4,214.01,214.29,244521,88.9955,85.6717
2020-07-26 00:00:00+00:00,214.29,216.36,210.21,213.93,206887,90.4977,87.8344
2020-07-27 00:00:00+00:00,213.93,214.69,212.45,212.82,180081,76.0788,85.1907
2020-07-28 00:00:00+00:00,212.82,217.04,210.53,215.42,162394,79.2668,81.9478
2020-07-29 00:00:00+00:00,215.42,217.33,213.52,216.99,260982,85.5811,80.3089
2020-07-30 00:00:00+00:00,216.99,218.1,215.43,215.74,243884,93.578,86.142
2020-07-31 00:00:00+00:00,215.74,217.62,214.22,216.62,272612,91.3332,90.1641
2020-08-01 00:00:00+00:00,216.62,217.68,215.94,216.94,276036,90.6198,91.8437
2020-08-02 00:00:00+00:00,216.94,218.81,213.96,216.06,208700,91.3458,91.0996
2020-08-03 00:00:00+00:00,216.06,219.37,215.48,218.62,146811,93.5906,91.852
2020-08-04 00:00:00+00:00,218.62,221.05,214.44,219.2,229933,94.304,93.0801
2020-08-05 00:00:00+00:00,219.2,220.25,214.69,217.83,230970,90.9515,92.9487
2020-08-06 00:00:00+00:00,217.83,219.66,213.73,218.82,197747,86.9585,90.738
2020-08-07 00:00:00+00:00,218.82,223.53,218.22,220.42,247310,86.9585,88.2895
2020-08-08 00:00:00+00:00,220.42,223.77,217.51,220.02,173449,93.427,89.1147
2020-08-09 00:00:00+00:00,220.02,220.65,217.72,220.6,118778,97.4003,92.5953
2020-08-10 00:00:00+00:00,220.6,221.63,219.59,221.12,277298,97.4003,96.0759
2020-08-11 00:00:00+00:00,221.12,223.5,220.62,221.76,128148,99.9804,98.2603
2020-08-12 00:00:00+00:00,221.76,225.51,221.49,224.49,270219,100,99.1269
2020-08-13 00:00:00+00:00,224.49,228.45,220.39,222.91,141397,88.5105,96.1636
2020-08-14 00:00:00+00:00,222.91,224.39,221.05,221.24,247858,66.2463,84.9189
2020-08-15 00:00:00+00:00,221.24,222.14,218.21,218.31,160444,32.913,62.5566
2020-08-16 00:00:00+00:00,218.31,219.33,217.36,218.77,282730,13.0913,37.4169
2020-08-17 00:00:00+00:00,218.77,221.22,218.28,220.42,247894,10.9956,18.9999
2020-08-18 00:00:00+00:00,220.42,224.12,217.98,223.38,146323,30.4523,18.1797
2020-08-19 00:00:00+00:00,223.38,227.21,220.66,221.01,172623,37.1153,26.1877
2020-08-20 00:00:00+00:00,221.01,221.43,216.14,220.84,291466,36.0934,34.5537
2020-08-21 00:00:00+00:00,220.84,222.45,218.16,222.13,270154,29.359,34.1892
2020-08-22 00:00:00+00:00,222.13,223.12,219.96,220.65,255571,26.6842,30.7122
2020-08-23 00:00:00+00:00,220.65,222.37,215.86,220.22,223982,22.8429,26.2954
2020-08-24 00:00:00+00:00,220.22,224.82,216.72,221.45,168390,19.2864,22.9378
2020-08-25 00:00:00+00:00,221.45,224.35,218.15,221.0,127966,20.2611,20.7968
2020-08-26 00:00:00+00:00,221.0,221.73,216.45,217.67,207922,16.1509,18.5661
2020-08-27 00:00:00+00:00,217.67,218.38,216.92,217.57,295794,6.98514,14.4657
2020-08-28 00:00:00+00:00,217.57,220.08,214.14,217.63,298461,0.379749,7.83861
2020-08-29 00:00:00+00:00,217.63,222.01,216.6,218.83,259791,8.3464,5.2371
2020-08-30 00:00:00+00:00,218.83,219.07,216.08,216.82,250159,8.3464,5.69085
2020-08-31 00:00:00+00:00,216.82,220.55,214.31,218.53,253401,17.6172,11.4367
2020-09-01 00:00:00+00:00,218.53,219.45,214.99,217.53,250455,15.9284,13.964
2020-09-02 00:00:00+00:00,217.53,221.51,215.81,218.43,149735,28.771,20.7722
2020-09-03 00:00:00+00:00,218.43,221.97,214.35,220.71,147037,46.907,30.5355
2020-09-04 00:00:00+00:00,220.71,222.58,219.37,221.33,251547,73.9625,49.8802
2020-09-05 00:00:00+00:00,221.33,224.41,217.0,220.81,186125,90.2144,70.3613
2020-09-06 00:00:00+00:00,220.81,223.61,217.89,218.75,218728,75.9738,80.0502
2020-09-07 00:00:00+00:00,218.75,223.66,216.21,223.47,225463,75.9738,80.7207
2020-09-08 00:00:00+00:00,223.47,227.29,222.29,223.01,111706,77.5475,76.4983
2020-09-09 00:00:00+00:00,223.01,227.68,218.6,227.38,152572,97.335,83.6187
2020-09-10 00:00:00+00:00,227.38,228.56,225.48,228.07,158258,97.335,90.7391
2020-09-11 00:00:00+00:00,228.07,231.3,226.14,227.96,215696,99.5152,98.0617
2020-09-12 00:00:00+00:00,227.96,228.17,223.96,227.76,170755,98.0958,98.3153
2020-09-13 00:00:00+00:00,227.76,231.64,224.67,231.39,252586,98.0958,98.5689
2020-09-14 00:00:00+00:00,231.39,232.83,228.05,230.13,261816,93.254,96.4819
2020-09-15 00:00:00+00:00,230.13,233.72,225.28,228.72,152294,82.4198,91.2565
2020-09-16 00:00:00+00:00,228.72,231.93,226.2,227.4,129784,64.5972,80.0903
2020-09-17 00:00:00+00:00,227.4,231.69,223.15,224.18,297687,40.3096,62.4422
2020-09-18 00:00:00+00:00,224.18,224.41,220.44,224.37,150392,23.5671,42.8246
2020-09-19 00:00:00+00:00,224.37,228.56,220.94,225.87,207065,17.2381,27.0382
2020-09-20 00:00:00+00:00,225.87,227.42,221.01,223.83,220117,13.519,18.1081
2020-09-21 00:00:00+00:00,223.83,228.08,220.8,227.93,247839,21.9281,17.5617
2020-09-22 00:00:00+00:00,227.93,228.91,225.84,227.96,263183,25.576,20.341
2020-09-23 00:00:00+00:00,227.96,228.63,224.65,227.17,180547,35.2481,27.5841
2020-09-24 00:00:00+00:00,227.17,230.57,223.98,226.74,138086,30.4267,30.4169
2020-09-25 00:00:00+00:00,226.74,231.61,222.56,224.88,155699,18.2511,27.9753
2020-09-26 00:00:00+00:00,224.88,229.11,222.73,227.38,177810,17.7478,22.1419
2020-09-27 00:00:00+00:00,227.38,229.18,224.01,226.01,138024,14.667,16.8886
2020-09-28 00:00:00+00:00,226.01,226.2,223.63,225.95,286093,20.0755,17.4968
2020-09-29 00:00:00+00:00,225.95,227.98,223.22,226.14,179221,21.1254,18.6226
2020-09-30 00:00:00+00:00,226.14,228.21,224.66,227.29,151148,39.0508,26.7506
2020-10-01 00:00:00+00:00,227.29,230.0,226.47,228.27,151724,64.9895,41.7219
2020-10-02 00:00:00+00:00,228.27,231.59,227.23,229.01,287204,88.1042,64.0482
2020-10-03 00:00:00+00:00,229.01,230.68,227.56,228.57,217446,93.5285,82.2074
2020-10-04 00:00:00+00:00,228.57,230.48,225.63,229.57,157687,94.8604,92.1644
2020-10-05 00:00:00+00:00,229.57,230.62,228.8,229.74,203046,94.8604,94.4164
2020-10-06 00:00:00+00:00,229.74,230.28,229.01,230.2,121252,100,96.5736
2020-10-07 00:00:00+00:00,230.2,233.9,225.28,232.76,290745,100,98.2868
2020-10-08 00:00:00+00:00,232.76,234.58,231.29,234.08,191757,100,100
2020-10-09 00:00:00+00:00,234.08,237.0,229.25,234.32,297595,100,100
2020-10-10 00:00:00+00:00,234.32,236.55,230.36,232.78,115246,88.1127,96.0376
2020-10-11 00:00:00+00:00,232.78,233.91,230.55,231.66,202064,68.3795,85.4974
2020-10-12 00:00:00+00:00,231.66,235.74,228.86,232.49,112446,51.961,69.4844
2020-10-13 00:00:00+00:00,232.49,236.27,229.27,232.1,121065,40.9351,53.7585
2020-10-14 00:00:00+00:00,232.1,236.48,231.37,236.21,142007,56.5304,49.8088
2020-10-15 00:00:00+00:00,236.21,237.81,235.34,235.99,215097,66.4395,54.635
2020-10-16 00:00:00+00:00,235.99,240.14,235.51,238.25,246321,89.3528,70.7742
2020-10-17 00:00:00+00:00,238.25,242.06,237.63,241.19,232600,93.4907,83.0943
2020-10-18 00:00:00+00:00,241.19,245.65,239.37,243.24,260382,100,94.2812
2020-10-19 00:00:00+00:00,243.24,243.36,242.56,243.14,108841,99.2773,97.5893
2020-10-20 00:00:00+00:00,243.14,245.93,239.95,245.53,180261,99.2773,99.5182
2020-10-21 00:00:00+00:00,245.53,247.6,244.65,245.85,237955,99.2773,99.2773
2020-10-22 00:00:00+00:00,245.85,247.57,245.77,247.38,113636,100,99.5182
2020-10-23 00:00:00+00:00,247.38,248.03,242.71,245.22,170157,87.0353,95.4375
2020-10-24 00:00:00+00:00,245.22,247.68,244.68,244.72,180465,71.2646,86.1
2020-10-25 00:00:00+00:00,244.72,248.63,241.68,243.23,145033,46.864,68.388
2020-10-26 00:00:00+00:00,243.23,244.7,241.13,244.01,209214,37.5264,51.885
2020-10-27 00:00:00+00:00,244.01,245.65,242.58,243.75,203174,20.7978,35.0628
2020-10-28 00:00:00+00:00,243.75,247.1,239.48,246.69,254940,23.0233,27.1159
2020-10-29 00:00:00+00:00,246.69,249.44,246.35,246.39,284104,20.7485,21.5232
2020-10-30 00:00:00+00:00,246.39,250.37,241.79,242.9,276362,19.9145,21.2287
2020-10-31 00:00:00+00:00,242.9,246.78,240.51,242.71,165737,8.75618,16.473
2020-11-01 00:00:00+00:00,242.71,246.18,241.36,241.84,152430,0,9.55688
2020-11-02 00:00:00+00:00,241.84,242.68,240.32,242.14,157740,0.927101,3.22776
2020-11-03 00:00:00+00:00,242.14,243.67,238.09,241.27,182714,0.927101,0.618067
2020-11-04 00:00:00+00:00,241.27,243.15,239.75,240.88,136504,0.927101,0.927101
2020-11-05 00:00:00+00:00,240.88,242.54,235.88,239.3,109729,0,0.618067
2020-11-06 00:00:00+00:00,239.3,243.63,234.61,235.77,169752,0,0.309034
2020-11-07 00:00:00+00:00,235.77,236.75,232.38,236.29,236553,1.75184,0.583947
2020-11-08 00:00:00+00:00,236.29,237.01,234.16,235.08,138447,1.75184,1.16789
2020-11-09 00:00:00+00:00,235.08,235.96,230.18,230.42,245874,1.75184,1.75184
2020-11-10 00:00:00+00:00,230.42,230.98,228.01,228.21,145463,0,1.16789
2020-11-11 00:00:00+00:00,228.21,232.26,227.43,231.14,279124,6.91323,2.88836
2020-11-12 00:00:00+00:00,231.14,234.79,229.37,230.9,291441,16.0359,7.64971
2020-11-13 00:00:00+00:00,230.9,231.85,230.3,230.61,139151,24.8096,15.9196
2020-11-14 00:00:00+00:00,230.61,231.38,227.55,227.55,256187,21.9121,20.9192
2020-11-15 00:00:00+00:00,227.55,229.55,225.59,227.21,271948,16.2632,20.995
2020-11-16 00:00:00+00:00,227.21,231.15,225.7,229.65,212474,21.0643,19.7465
2020-11-17 00:00:00+00:00,229.65,233.89,229.59,233.52,124904,44.3509,27.2261
2020-11-18 00:00:00+00:00,233.52,235.69,229.62,232.79,212580,71.8526,45.7559
2020-11-19 00:00:00+00:00,232.79,237.4,230.15,233.52,268249,91.6111,69.2716
2020-11-20 00:00:00+00:00,233.52,236.97,229.78,231.83,200996,92.0216,85.1618
2020-11-21 00:00:00+00:00,231.83,235.82,229.37,232.91,189358,93.1008,92.2445
2020-11-22 00:00:00+00:00,232.91,234.12,228.32,229.03,164179,80.0724,88.3983
2020-11-23 00:00:00+00:00,229.03,233.11,228.97,229.54,273557,74.7818,82.6517
2020-11-24 00:00:00+00:00,229.54,230.38,225.94,228.18,130838,58.8221,71.2254
2020-11-25 00:00:00+00:00,228.18,231.09,224.11,230.87,158950,67.4823,67.0287
2020-11-26 00:00:00+00:00,230.87,233.62,228.67,232.69,272816,78.3933,68.2326
2020-11-27 00:00:00+00:00,232.69,233.79,227.85,229.29,231605,84.6729,76.8495
2020-11-28 00:00:00+00:00,229.29,232.16,225.42,230.34,106348,82.1355,81.7339
2020-11-29 00:00:00+00:00,230.34,233.67,227.55,232.39,175701,82.1355,82.9813
2020-11-30 00:00:00+00:00,232.39,237.04,230.11,232.77,284754,93.0943,85.7884
2020-12-01 00:00:00+00:00,232.77,232.98,228.57,229.2,175863,80.9451,85.3916
2020-12-02 00:00:00+00:00,229.2,233.46,224.75,225.92,146635,47.6349,73.8914
2020-12-03 00:00:00+00:00,225.92,230.46,222.71,228.09,184599,27.642,52.074
2020-12-04 00:00:00+00:00,228.09,230.79,227.99,228.3,288711,27.9711,34.416
2020-12-05 00:00:00+00:00,228.3,228.4,226.03,228.13,270312,41.7166,32.4432
2020-12-06 00:00:00+00:00,228.13,232.55,226.97,228.86,185463,47.0412,38.9096
2020-12-07 00:00:00+00:00,228.86,230.72,226.38,229.51,174033,55.5095,48.0891
2020-12-08 00:00:00+00:00,229.51,231.47,228.56,230.81,132397,73.4804,58.677
2020-12-09 00:00:00+00:00,230.81,235.65,227.19,235.51,139413,88.1487,72.3796
2020-12-10 00:00:00+00:00,235.51,238.17,234.32,235.06,176386,96.6193,86.0828
2020-12-11 00:00:00+00:00,235.06,238.77,231.37,237.42,275698,98.2129,94.327
2020-12-12 00:00:00+00:00,237.42,239.05,235.74,237.72,239308,98.2129,97.6817
2020-12-13 00:00:00+00:00,237.72,239.75,236.91,239.39,117378,100,98.8086
2020-12-14 00:00:00+00:00,239.39,243.21,238.19,239.82,233791,100,99.4043
2020-12-15 00:00:00+00:00,239.82,241.2,235.56,236.34,227717,88.3684,96.1228
2020-12-16 00:00:00+00:00,236.34,236.65,235.61,235.86,275953,72.5173,86.9619
2020-12-17 00:00:00+00:00,235.86,236.54,235.41,236.0,162847,56.9927,72.6261
2020-12-18 00:00:00+00:00,236.0,237.7,233.93,234.83,233899,48.5175,59.3425
2020-12-19 00:00:00+00:00,234.83,235.66,230.3,235.5,232804,45.0879,50.1994
2020-12-20 00:00:00+00:00,235.5,238.8,234.5,238.13,107107,49.5672,47.7242
2020-12-21 00:00:00+00:00,238.13,242.34,236.3,237.67,247976,53.6551,49.4368
2020-12-22 00:00:00+00:00,237.67,241.08,234.66,236.4,281239,45.0432,49.4219
2020-12-23 00:00:00+00:00,236.4,236.7,232.25,236.47,111875,28.61,42.4361
2020-12-24 00:00:00+00:00,236.47,238.24,233.49,237.28,193123,22.0603,31.9045
2020-12-25 00:00:00+00:00,237.28,239.55,232.82,234.17,197342,16.6196,22.43
2020-12-26 00:00:00+00:00,234.17,238.73,232.37,235.39,261124,16.6725,18.4508
2020-12-27 00:00:00+00:00,235.39,237.17,232.29,236.95,276517,18.8405,17.3776
2020-12-28 00:00:00+00:00,236.95,240.0,232.6,235.0,193385,23.9645,19.8258
2020-12-29 00:00:00+00:00,235.0,236.78,232.65,234.93,194661,22.6629,21.8226
2020-12-30 00:00:00+00:00,234.93,236.19,230.59,233.87,204587,9.73009,18.7858
2020-12-31 00:00:00+00:00,233.87,238.32,229.83,235.79,261121,18.236,16.8763
2021-01-01 00:00:00+00:00,235.79,240.08,233.34,237.5,256120,37.995,21.987
2021-01-02 00:00:00+00:00,237.5,240.99,235.82,237.1,284577,59.2584,38.4965
2021-01-03 00:00:00+00:00,237.1,241.77,232.29,238.29,225740,77.7206,58.3247
2021-01-04 00:00:00+00:00,238.29,238.97,234.99,238.65,171463,86.6888,74.5559
2021-01-05 00:00:00+00:00,238.65,240.18,234.45,237.47,194722,87.7584,84.0559
2021-01-06 00:00:00+00:00,237.47,238.04,234.92,236.78,258055,71.807,82.0847
2021-01-07 00:00:00+00:00,236.78,239.32,232.69,233.53,109677,38.4736,66.013
2021-01-08 00:00:00+00:00,233.53,235.37,228.53,234.8,133694,24.4624,44.9143
2021-01-09 00:00:00+00:00,234.8,236.67,234.63,235.01,144977,18.0088,26.9816
2021-01-10 00:00:00+00:00,235.01,237.31,234.0,234.06,132440,21.972,21.4811
2021-01-11 00:00:00+00:00,234.06,238.46,233.96,238.39,231060,42.8636,27.6148
2021-01-12 00:00:00+00:00,238.39,241.31,234.87,234.91,279699,43.1667,36.0008
2021-01-13 00:00:00+00:00,234.91,235.56,232.89,234.34,171202,46.4043,44.1449
2021-01-14 00:00:00+00:00,234.34,236.91,232.53,233.87,242647,22.0363,37.2024
2021-01-15 00:00:00+00:00,233.87,237.85,229.64,236.41,151156,30.9024,33.1143
2021-01-16 00:00:00+00:00,236.41,238.7,231.54,231.65,140541,23.7016,25.5468
2021-01-17 00:00:00+00:00,231.65,232.25,227.96,232.01,188642,20.6439,25.0826
2021-01-18 00:00:00+00:00,232.01,233.17,227.99,228.38,199045,1.78761,15.3777
2021-01-19 00:00:00+00:00,228.38,228.85,225.35,227.19,223565,1.78761,8.07303
2021-01-20 00:00:00+00:00,227.19,231.62,226.19,226.97,158497,0,1.19174
2021-01-21 00:00:00+00:00,226.97,227.89,223.48,224.7,271810,0,0.595869
2021-01-22 00:00:00+00:00,224.7,229.69,220.94,225.81,134112,4.30009,1.43336
2021-01-23 00:00:00+00:00,225.81,230.3,221.68,221.82,274880,4.30009,2.86673
2021-01-24 00:00:00+00:00,221.82,222.53,220.44,221.38,285413,4.30009,4.30009
2021-01-25 00:00:00+00:00,221.38,222.04,221.04,221.66,161675,1.25285,3.28434
2021-01-26 00:00:00+00:00,221.66,225.84,217.84,225.75,198645,18.8012,8.11806
2021-01-27 00:00:00+00:00,225.75,226.61,224.09,225.62,115735,36.0262,18.6934
2021-01-28 00:00:00+00:00,225.62,225.85,221.64,224.26,217038,48.5881,34.4719
2021-01-29 00:00:00+00:00,224.26,225.59,220.59,224.41,182597,54.7094,46.4413
2021-01-30 00:00:00+00:00,224.41,227.66,219.42,223.27,271973,56.2877,53.1951
2021-01-31 00:00:00+00:00,223.27,224.42,222.4,224.36,228031,73.1792,61.3921
2021-02-01 00:00:00+00:00,224.36,226.0,222.41,225.63,109753,82.8427,70.7699
2021-02-02 00:00:00+00:00,225.63,228.63,220.66,227.09,191751,97.3728,84.4649
2021-02-03 00:00:00+00:00,227.09,230.06,224.64,228.05,251636,100,93.4052
2021-02-04 00:00:00+00:00,228.05,231.89,224.81,225.45,213126,90.4841,95.9523
2021-02-05 00:00:00+00:00,225.45,229.76,221.11,221.71,180131,70.0943,86.8595
2021-02-06 00:00:00+00:00,221.71,224.04,218.2,218.65,123239,42.6428,67.7404
2021-02-07 00:00:00+00:00,218.65,222.11,218.25,221.82,122765,36.683,49.8067
2021-02-08 00:00:00+00:00,221.82,223.2,220.14,220.38,124699,34.7888,38.0382
2021-02-09 00:00:00+00:00,220.38,222.49,218.24,221.3,109726,44.2336,38.5685
2021-02-10 00:00:00+00:00,221.3,222.21,218.17,221.21,255903,41.4062,40.1429
2021-02-11 00:00:00+00:00,221.21,225.66,218.85,223.42,140860,55.7816,47.1405
2021-02-12 00:00:00+00:00,223.42,223.99,222.44,223.29,254418,65.3732,54.187
2021-02-13 00:00:00+00:00,223.29,227.37,221.2,221.66,167176,68.9572,63.3707
2021-02-14 00:00:00+00:00,221.66,223.95,216.78,220.92,194284,59.3895,64.5733
2021-02-15 00:00:00+00:00,220.92,221.59,218.28,219.67,108277,45.7734,58.04
2021-02-16 00:00:00+00:00,219.67,222.98,216.05,216.12,130617,27.365,44.176
2021-02-17 00:00:00+00:00,216.12,217.69,216.09,216.59,101802,15.3276,29.4887
2021-02-18 00:00:00+00:00,216.59,219.19,212.33,218.96,121766,24.7459,22.4795
2021-02-19 00:00:00+00:00,218.96,223.83,214.45,220.72,240107,56.4384,32.1706
2021-02-20 00:00:00+00:00,220.72,224.41,215.83,218.68,172472,74.6264,51.9369
2021-02-21 00:00:00+00:00,218.68,220.58,215.23,215.75,154785,63.6341,64.8996
2021-02-22 00:00:00+00:00,215.75,220.69,214.66,217.0,211258,49.6456,62.6354
2021-02-23 00:00:00+00:00,217.0,219.22,216.98,217.01,247006,45.6146,52.9648
2021-02-24 00:00:00+00:00,217.01,221.06,213.12,220.76,233209,69.2199,54.8267
2021-02-25 00:00:00+00:00,220.76,224.38,220.55,221.54,174258,84.6433,66.4926
2021-02-26 00:00:00+00:00,221.54,224.91,218.29,220.53,269792,95.879,83.2474
2021-02-27 00:00:00+00:00,220.53,222.57,216.05,222.19,278858,95.879,92.1338
2021-02-28 00:00:00+00:00,222.19,225.56,218.76,223.37,213258,95.879,95.879
2021-03-01 00:00:00+00:00,223.37,228.27,222.21,222.88,212785,98.1054,96.6212
2021-03-02 00:00:00+00:00,222.88,224.26,220.73,222.06,115846,92.6523,95.5456
2021-03-03 00:00:00+00:00,222.06,225.35,217.42,217.49,192695,68.3466,86.3681
2021-03-04 00:00:00+00:00,217.49,217.84,216.21,217.46,240399,45.8322,68.9437
2021-03-05 00:00:00+00:00,217.46,221.32,215.8,216.19,218321,22.4511,45.5433
2021-03-06 00:00:00+00:00,216.19,218.47,215.13,216.03,262559,17.3618,28.5484
2021-03-07 00:00:00+00:00,216.03,219.68,213.51,215.28,195649,8.43747,16.0835
2021-03-08 00:00:00+00:00,215.28,218.37,215.24,215.81,117514,7.30578,11.035
2021-03-09 00:00:00+00:00,215.81,218.67,214.07,217.87,190571,18.9854,11.5762
2021-03-10 00:00:00+00:00,217.87,221.16,217.35,218.29,116785,36.9543,21.0818
2021-03-11 00:00:00+00:00,218.29,222.3,215.9,219.53,205645,58.37,38.1032
2021-03-12 00:00:00+00:00,219.53,220.9,218.06,219.69,246682,68.4104,54.5782
2021-03-13 00:00:00+00:00,219.69,221.15,215.12,220.39,109539,80.0138,68.9314
2021-03-14 00:00:00+00:00,220.39,220.52,218.42,219.16,217594,79.1698,75.8647
2021-03-15 00:00:00+00:00,219.16,221.43,216.49,218.63,230206,75.1142,78.0993
2021-03-16 00:00:00+00:00,218.63,222.03,217.07,221.43,158234,78.8753,77.7198
2021-03-17 00:00:00+00:00,221.43,224.41,217.59,222.69,170138,88.2694,80.753
2021-03-18 00:00:00+00:00,222.69,227.69,221.9,224.26,286838,100,89.0482
2021-03-19 00:00:00+00:00,224.26,227.05,219.73,222.08,239073,90.4847,92.918
2021-03-20 00:00:00+00:00,222.08,222.74,220.64,221.76,107736,79.6621,90.049
2021-03-21 00:00:00+00:00,221.76,222.69,219.62,221.34,125130,66.114,78.7536
2021-03-22 00:00:00+00:00,221.34,221.86,220.57,221.1,137750,55.3609,67.0457
2021-03-23 00:00:00+00:00,221.1,225.89,216.13,223.72,212184,59.5381,60.3377
2021-03-24 00:00:00+00:00,223.72,226.32,219.68,221.43,299245,49.9938,54.9643
2021-03-25 00:00:00+00:00,221.43,226.37,219.22,219.81,268939,37.2962,48.9427
2021-03-26 00:00:00+00:00,219.81,221.69,215.33,216.9,180738,10.6082,32.6327
2021-03-27 00:00:00+00:00,216.9,217.2,212.36,216.25,167702,0.367428,16.0906
2021-03-28 00:00:00+00:00,216.25,218.48,212.32,218.11,290349,8.14377,6.37315
2021-03-29 00:00:00+00:00,218.11,222.55,214.11,215.04,208750,8.14377,5.55166
2021-03-30 00:00:00+00:00,215.04,216.57,211.02,214.96,126808,8.14377,8.14377
2021-03-31 00:00:00+00:00,214.96,217.02,211.38,216.3,281385,5.71435,7.33396
2021-04-01 00:00:00+00:00,216.3,216.78,215.19,216.71,231447,14.268,9.37537
2021-04-02 00:00:00+00:00,216.71,220.27,216.26,219.26,296595,34.1627,18.0483
2021-04-03 00:00:00+00:00,219.26,222.15,218.52,219.9,178338,50.9352,33.122
2021-04-04 00:00:00+00:00,219.9,221.55,215.46,215.79,252648,49.2724,44.7901
2021-04-05 00:00:00+00:00,215.79,219.74,214.86,217.07,164319,41.6422,47.2833
2021-04-06 00:00:00+00:00,217.07,220.77,213.08,215.75,198080,30.6452,40.5199
2021-04-07 00:00:00+00:00,215.75,216.76,214.67,215.53,155573,34.1289,35.4721
2021-04-08 00:00:00+00:00,215.53,219.78,210.74,219.24,230321,54.5985,39.7909
2021-04-09 00:00:00+00:00,219.24,221.03,214.98,218.49,115721,71.5507,53.426
2021-04-10 00:00:00+00:00,218.49,218.55,215.35,216.5,115475,78.8412,68.3301
2021-04-11 00:00:00+00:00,216.5,217.24,212.26,212.34,294994,46.1071,65.4997
2021-04-12 00:00:00+00:00,212.34,216.57,211.0,212.16,218285,17.665,47.5378
2021-04-13 00:00:00+00:00,212.16,213.3,209.13,213.12,284106,6.06588,23.2793
2021-04-14 00:00:00+00:00,213.12,213.82,210.68,211.91,283570,7.05512,10.262
2021-04-15 00:00:00+00:00,211.91,212.21,210.72,211.2,219250,7.05512,6.72537
2021-04-16 00:00:00+00:00,211.2,212.96,208.63,209.07,175185,0.989245,5.03316
2021-04-17 00:00:00+00:00,209.07,211.87,207.28,210.71,198409,8.84037,5.62825
2021-04-18 00:00:00+00:00,210.71,212.34,206.89,211.8,249485,23.2365,11.0221
2021-04-19 00:00:00+00:00,211.8,212.06,211.24,212.0,134580,38.6643,23.5804
2021-04-20 00:00:00+00:00,212.0,215.97,207.13,212.98,122276,50.3722,37.4244
2021-04-21 00:00:00+00:00,212.98,213.54,210.08,212.08,277695,52.7726,47.2697
2021-04-22 00:00:00+00:00,212.08,213.0,207.97,211.25,271040,52.1702,51.7717
2021-04-23 00:00:00+00:00,211.25,213.02,210.59,211.2,293398,51.5096,52.1508
2021-04-24 00:00:00+00:00,211.2,213.54,208.09,210.09,297034,48.5335,50.7377
2021-04-25 00:00:00+00:00,210.09,214.67,208.43,214.57,209651,67.0415,55.6948
2021-04-26 00:00:00+00:00,214.57,218.65,214.1,214.23,280319,78.8327,64.8025
2021-04-27 00:00:00+00:00,214.23,216.26,209.65,211.64,199593,85.0388,76.971
2021-04-28 00:00:00+00:00,211.64,215.1,207.1,213.5,250705,80.7061,81.5259
2021-04-29 00:00:00+00:00,213.5,217.9,209.28,215.55,105566,82.3606,82.7018
2021-04-30 00:00:00+00:00,215.55,219.3,215.19,215.39,283607,94.768,85.9449
2021-05-01 00:00:00+00:00,215.39,217.34,214.97,215.49,296832,98.715,91.9478
2021-05-02 00:00:00+00:00,215.49,218.73,212.7,213.34,252480,85.9621,93.1484
2021-05-03 00:00:00+00:00,213.34,216.88,211.13,216.09,188550,86.8614,90.5128
2021-05-04 00:00:00+00:00,216.09,216.17,213.12,214.56,245235,79.2456,84.023
2021-05-05 00:00:00+00:00,214.56,215.64,211.03,214.36,249991,82.9632,83.0234
2021-05-06 00:00:00+00:00,214.36,214.9,212.77,214.32,248844,73.7081,78.6389
2021-05-07 00:00:00+00:00,214.32,215.9,213.43,214.07,132330,70.9993,75.8902
2021-05-08 00:00:00+00:00,214.07,214.72,210.32,212.32,248106,47.4389,64.0487
2021-05-09 00:00:00+00:00,212.32,215.52,208.63,209.46,102073,23.3606,47.2663
2021-05-10 00:00:00+00:00,209.46,213.1,208.49,208.53,121093,0.737721,23.8457
2021-05-11 00:00:00+00:00,208.53,213.49,203.96,208.58,245168,0.322815,8.14039
2021-05-12 00:00:00+00:00,208.58,208.69,205.75,207.95,173074,0.322815,0.461117
2021-05-13 00:00:00+00:00,207.95,212.4,203.65,204.67,221827,0.322815,0.322815
2021-05-14 00:00:00+00:00,204.67,204.77,203.48,204.7,233054,0.154691,0.266774
2021-05-15 00:00:00+00:00,204.7,207.63,203.94,205.96,239046,6.79732,2.42494
2021-05-16 00:00:00+00:00,205.96,206.72,201.11,201.66,132470,6.79732,4.58311
2021-05-17 00:00:00+00:00,201.66,203.42,197.12,202.14,173821,9.12346,7.5727
2021-05-18 00:00:00+00:00,202.14,205.81,201.27,203.35,236840,11.3178,9.07953
2021-05-19 00:00:00+00:00,203.35,206.38,198.99,199.8,279529,12.3781,10.9398
2021-05-20 00:00:00+00:00,199.8,201.31,199.38,200.64,183135,15.2786,12.9915
2021-05-21 00:00:00+00:00,200.64,203.69,195.86,201.18,178438,16.8575,14.8381
2021-05-22 00:00:00+00:00,201.18,204.83,199.3,200.29,231559,27.956,20.0307
2021-05-23 00:00:00+00:00,200.29,204.38,197.82,198.42,176588,26.5074,23.7737
2021-05-24 00:00:00+00:00,198.42,199.42,193.81,197.5,270472,16.0915,23.5183
2021-05-25 00:00:00+00:00,197.5,198.31,196.11,197.86,206253,9.7548,17.4512
2021-05-26 00:00:00+00:00,197.86,201.3,194.31,198.42,248333,22.6924,16.1796
2021-05-27 00:00:00+00:00,198.42,200.62,194.34,195.94,157521,22.6924,18.3799
2021-05-28 00:00:00+00:00,195.94,198.15,194.71,196.13,162249,20.3132,21.8994
2021-05-29 00:00:00+00:00,196.13,197.38,191.44,196.71,267295,19.613,20.8729
2021-05-30 00:00:00+00:00,196.71,201.03,196.0,196.38,138173,32.7655,24.2306
2021-05-31 00:00:00+00:00,196.38,197.9,194.94,196.46,221976,44.3379,32.2388
2021-06-01 00:00:00+00:00,196.46,197.56,192.68,196.9,255414,56.726,44.6098
2021-06-02 00:00:00+00:00,196.9,199.27,192.71,197.32,123519,76.9069,59.3236
2021-06-03 00:00:00+00:00,197.32,200.05,195.26,198.8,151000,95.225,76.286
2021-06-04 00:00:00+00:00,198.8,201.12,194.62,197.23,122254,89.8543,87.3287
2021-06-05 00:00:00+00:00,197.23,199.83,197.05,199.11,231493,89.8543,91.6445
2021-06-06 00:00:00+00:00,199.11,202.72,198.97,200.62,294334,89.8543,89.8543
2021-06-07 00:00:00+00:00,200.62,203.72,195.97,199.2,243393,93.7204,91.143
2021-06-08 00:00:00+00:00,199.2,201.05,195.97,196.04,188716,76.0659,86.5468
2021-06-09 00:00:00+00:00,196.04,197.57,196.03,196.8,212208,62.3515,77.3792
2021-06-10 00:00:00+00:00,196.8,197.74,194.18,194.44,211350,46.8371,61.7515
2021-06-11 00:00:00+00:00,194.44,197.21,190.14,196.82,206454,53.6115,54.2667
2021-06-12 00:00:00+00:00,196.82,200.59,196.5,197.75,289377,61.0113,53.82
2021-06-13 00:00:00+00:00,197.75,199.79,196.18,197.38,230465,74.8219,63.1483
2021-06-14 00:00:00+00:00,197.38,200.15,196.99,197.97,251712,80.2643,72.0325
2021-06-15 00:00:00+00:00,197.97,198.94,195.05,196.1,143158,70.1781,75.0881
2021-06-16 00:00:00+00:00,196.1,200.07,194.54,198.37,110322,76.4961,75.6462
2021-06-17 00:00:00+00:00,198.37,201.98,194.05,198.82,271457,81.9339,76.2027
2021-06-18 00:00:00+00:00,198.82,201.6,193.95,200.56,262178,98.3347,85.5882
2021-06-19 00:00:00+00:00,200.56,202.12,199.54,201.51,144175,100,93.4228
2021-06-20 00:00:00+00:00,201.51,202.28,199.92,200.21,103707,93.8743,97.403
2021-06-21 00:00:00+00:00,200.21,204.48,195.38,202.08,180883,93.8743,95.9162
2021-06-22 00:00:00+00:00,202.08,204.71,198.26,204.6,289058,93.8743,93.8743
2021-06-23 00:00:00+00:00,204.6,209.48,200.88,204.78,256074,100,95.9162
2021-06-24 00:00:00+00:00,204.78,209.25,200.21,200.37,213070,80.2922,91.3888
2021-06-25 00:00:00+00:00,200.37,203.16,199.19,201.22,170281,63.6682,81.3201
2021-06-26 00:00:00+00:00,201.22,205.17,198.47,203.29,132540,54.0681,66.0095
2021-06-27 00:00:00+00:00,203.29,204.98,200.62,202.62,232946,61.3409,59.6924
2021-06-28 00:00:00+00:00,202.62,202.89,197.65,202.44,195754,64.7433,60.0507
2021-06-29 00:00:00+00:00,202.44,202.48,199.69,202.43,144429,54.8303,60.3048
2021-06-30 00:00:00+00:00,202.43,206.41,202.41,202.92,135846,49.1061,56.2266
2021-07-01 00:00:00+00:00,202.92,205.28,198.2,204.99,211313,56.4224,53.4529
2021-07-02 00:00:00+00:00,204.99,208.85,200.4,201.47,138698,42.6021,49.3769
2021-07-03 00:00:00+00:00,201.47,204.18,197.66,199.0,164522,27.428,42.1508
2021-07-04 00:00:00+00:00,199.0,202.62,195.66,199.23,282338,1.13789,23.7227
2021-07-05 00:00:00+00:00,199.23,200.01,196.87,198.08,162438,1.13789,9.90126
2021-07-06 00:00:00+00:00,198.08,201.08,196.22,196.41,299107,1.13789,1.13789
2021-07-07 00:00:00+00:00,196.41,199.0,194.9,196.03,127289,0,0.758592
2021-07-08 00:00:00+00:00,196.03,197.18,191.07,193.36,230979,0,0.379296
2021-07-09 00:00:00+00:00,193.36,195.22,188.73,191.68,283082,0,0
2021-07-10 00:00:00+00:00,191.68,195.17,190.28,190.92,237702,0,0
2021-07-11 00:00:00+00:00,190.92,195.34,186.57,190.38,232779,0,0
2021-07-12 00:00:00+00:00,190.38,194.88,189.13,190.11,107651,0,0
2021-07-13 00:00:00+00:00,190.11,190.73,189.32,190.28,233586,0.74033,0.246777
2021-07-14 00:00:00+00:00,190.28,190.37,189.66,189.67,197556,0.74033,0.493553
2021-07-15 00:00:00+00:00,189.67,191.7,186.45,189.69,206128,0.881601,0.78742
2021-07-16 00:00:00+00:00,189.69,189.76,189.01,189.23,276040,0.141271,0.587734
2021-07-17 00:00:00+00:00,189.23,192.0,189.1,189.18,204151,0.141271,0.388048
2021-07-18 00:00:00+00:00,189.18,190.18,184.89,187.11,111261,0,0.0941809
2021-07-19 00:00:00+00:00,187.11,191.53,184.57,189.86,112209,27.0692,9.07016
2021-07-20 00:00:00+00:00,189.86,192.27,187.46,191.98,163506,60.4025,29.1572
2021-07-21 00:00:00+00:00,191.98,194.41,187.58,188.81,209180,82.1453,56.539
2021-07-22 00:00:00+00:00,188.81,190.01,185.83,185.87,246951,68.5255,70.3578
2021-07-23 00:00:00+00:00,185.87,190.24,185.62,188.39,249103,61.3074,70.6594
2021-07-24 00:00:00+00:00,188.39,189.0,184.17,185.71,293126,58.3219,62.7183
2021-07-25 00:00:00+00:00,185.71,187.43,181.16,182.37,146037,56.093,58.5741
2021-07-26 00:00:00+00:00,182.37,184.72,179.39,184.68,134735,51.4539,55.2896
2021-07-27 00:00:00+00:00,184.68,186.43,182.19,184.13,107895,52.8331,53.46
2021-07-28 00:00:00+00:00,184.13,184.23,182.04,183.86,275002,61.0653,55.1175
2021-07-29 00:00:00+00:00,183.86,185.31,179.53,182.02,250446,54.4865,56.1283
2021-07-30 00:00:00+00:00,182.02,182.84,178.9,181.28,152057,47.4956,54.3492
2021-07-31 00:00:00+00:00,181.28,184.11,178.16,179.27,242578,36.6846,46.2223
2021-08-01 00:00:00+00:00,179.27,180.56,176.3,178.64,147828,21.7873,35.3225
2021-08-02 00:00:00+00:00,178.64,182.06,177.54,178.69,106194,9.01479,22.4956
2021-08-03 00:00:00+00:00,178.69,181.81,175.91,178.92,281490,3.40803,11.4034
2021-08-04 00:00:00+00:00,178.92,182.13,175.47,180.84,253526,26.5775,13.0001
2021-08-05 00:00:00+00:00,180.84,184.1,176.54,179.77,249199,43.6538,24.5464
2021-08-06 00:00:00+00:00,179.77,182.98,179.48,180.37,157727,71.9837,47.405
2021-08-07 00:00:00+00:00,180.37,182.6,177.85,181.16,200734,82.1476,65.9284
2021-08-08 00:00:00+00:00,181.16,184.54,179.03,180.03,148716,90.6019,81.5778
2021-08-09 00:00:00+00:00,180.03,181.65,175.12,178.12,234285,73.815,82.1882
2021-08-10 00:00:00+00:00,178.12,181.22,174.38,179.19,178574,67.0044,77.1404
2021-08-11 00:00:00+00:00,179.19,181.43,175.75,179.66,204432,72.7919,71.2038
2021-08-12 00:00:00+00:00,179.66,180.0,177.4,178.13,164739,79.9414,73.2459
2021-08-13 00:00:00+00:00,178.13,179.23,176.41,178.52,276096,79.6902,77.4745
2021-08-14 00:00:00+00:00,178.52,181.26,178.08,179.28,206553,81.3324,80.3213
2021-08-15 00:00:00+00:00,179.28,181.25,176.15,180.25,128814,92.9383,84.6537
2021-08-16 00:00:00+00:00,180.25,185.02,178.73,180.22,147973,99.7992,91.3567
2021-08-17 00:00:00+00:00,180.22,181.22,179.41,181.15,242462,99.7992,97.5123
2021-08-18 00:00:00+00:00,181.15,181.44,178.71,180.74,103035,96.597,98.7318
2021-08-19 00:00:00+00:00,180.74,182.89,176.13,181.96,283852,96.7977,97.7313
2021-08-20 00:00:00+00:00,181.96,185.9,180.88,184.73,141461,96.7977,96.7308
2021-08-21 00:00:00+00:00,184.73,188.11,180.46,187.11,273131,100,97.8651
2021-08-22 00:00:00+00:00,187.11,190.14,184.42,189.93,282084,100,98.9326
2021-08-23 00:00:00+00:00,189.93,194.07,186.81,190.71,284405,100,100
2021-08-24 00:00:00+00:00,190.71,192.66,190.39,192.07,270357,100,100
2021-08-25 00:00:00+00:00,192.07,192.25,189.07,190.87,107528,95.8027,98.6009
2021-08-26 00:00:00+00:00,190.87,194.1,187.4,187.44,198763,80.9719,92.2582
2021-08-27 00:00:00+00:00,187.44,187.55,187.4,187.55,112672,65.0717,80.6154
2021-08-28 00:00:00+00:00,187.55,189.46,183.84,188.91,280992,54.8793,66.9743
2021-08-29 00:00:00+00:00,188.91,188.97,184.1,186.18,171184,46.3995,55.4502
2021-08-30 00:00:00+00:00,186.18,186.89,182.43,184.62,148167,32.3637,44.5475
2021-08-31 00:00:00+00:00,184.62,189.4,183.94,187.87,287077,25.8951,34.8861
2021-09-01 00:00:00+00:00,187.87,190.29,183.54,185.49,191083,18.3171,25.5253
2021-09-02 00:00:00+00:00,185.49,189.12,185.01,187.53,179446,23.1777,22.4633
2021-09-03 00:00:00+00:00,187.53,190.41,186.31,189.88,198601,24.905,22.1333
2021-09-04 00:00:00+00:00,189.88,191.59,185.36,186.59,166115,26.6293,24.904
2021-09-05 00:00:00+00:00,186.59,190.61,184.47,189.67,249154,29.9862,27.1735
2021-09-06 00:00:00+00:00,189.67,189.88,186.51,189.84,117912,27.7883,28.1346
2021-09-07 00:00:00+00:00,189.84,193.91,188.52,191.42,251020,42.9729,33.5825
2021-09-08 00:00:00+00:00,191.42,192.3,186.51,189.04,293284,48.4219,39.7277
2021-09-09 00:00:00+00:00,189.04,189.58,187.78,188.63,171101,50.9246,47.4398
2021-09-10 00:00:00+00:00,188.63,190.53,186.07,189.64,179713,51.6685,50.3383
2021-09-11 00:00:00+00:00,189.64,193.37,187.88,188.01,298128,44.2288,48.9406
2021-09-12 00:00:00+00:00,188.01,189.5,185.64,186.64,299303,30.6535,42.1836
2021-09-13 00:00:00+00:00,186.64,188.73,182.18,184.39,191252,10.556,28.4794
2021-09-14 00:00:00+00:00,184.39,187.12,182.9,184.58,212672,1.93541,14.3816
2021-09-15 00:00:00+00:00,184.58,187.54,182.7,183.68,177133,1.00375,4.49839
2021-09-16 00:00:00+00:00,183.68,183.74,183.34,183.7,141736,1.1144,1.35118
2021-09-17 00:00:00+00:00,183.7,184.25,179.61,182.15,171347,0.110652,0.742931
2021-09-18 00:00:00+00:00,182.15,183.62,178.82,181.25,245215,0.110652,0.445233
2021-09-19 00:00:00+00:00,181.25,182.19,178.52,178.53,115440,0,0.0737677
2021-09-20 00:00:00+00:00,178.53,181.2,173.58,173.93,218287,0,0.0368838
2021-09-21 00:00:00+00:00,173.93,174.07,169.56,171.8,271103,0,0
2021-09-22 00:00:00+00:00,171.8,172.75,167.11,168.2,134596,0,0
2021-09-23 00:00:00+00:00,168.2,170.1,163.54,165.44,150367,0,0
2021-09-24 00:00:00+00:00,165.44,169.57,164.33,168.36,279060,8.57132,2.85711
2021-09-25 00:00:00+00:00,168.36,170.19,166.19,167.26,186154,16.7975,8.45628
2021-09-26 00:00:00+00:00,167.26,168.88,163.24,168.02,178600,29.1472,18.172
2021-09-27 00:00:00+00:00,168.02,169.74,166.83,169.72,239973,39.0541,28.3329
2021-09-28 00:00:00+00:00,169.72,174.35,169.5,171.26,283756,56.3406,41.514
2021-09-29 00:00:00+00:00,171.26,175.39,168.19,170.01,271468,66.928,54.1076
2021-09-30 00:00:00+00:00,170.01,173.03,165.03,169.18,141530,73.0753,65.448
2021-10-01 00:00:00+00:00,169.18,170.24,168.96,169.15,140476,74.4695,71.4909
2021-10-02 00:00:00+00:00,169.15,173.15,164.76,170.37,206554,84.8657,77.4701
2021-10-03 00:00:00+00:00,170.37,174.46,168.69,173.45,210142,93.5736,84.3029
2021-10-04 00:00:00+00:00,173.45,174.86,172.69,172.78,235131,98.3227,92.254
2021-10-05 00:00:00+00:00,172.78,175.5,169.59,174.06,286810,98.3227,96.7397
2021-10-06 00:00:00+00:00,174.06,175.0,172.23,172.7,177317,94.9243,97.1899
2021-10-07 00:00:00+00:00,172.7,175.97,167.8,175.81,296318,96.6016,96.6162
2021-10-08 00:00:00+00:00,175.81,180.26,171.6,176.66,149653,96.6016,96.0425
2021-10-09 00:00:00+00:00,176.66,181.29,173.35,179.48,167863,100,97.7344
2021-10-10 00:00:00+00:00,179.48,183.09,174.6,177.39,186577,93.5414,96.7143
2021-10-11 00:00:00+00:00,177.39,178.65,175.89,178.26,207477,89.0852,94.2089
2021-10-12 00:00:00+00:00,178.26,182.44,175.47,179.33,179787,87.3538,89.9935
2021-10-13 00:00:00+00:00,179.33,181.09,179.27,179.75,142014,93.1573,89.8654
2021-10-14 00:00:00+00:00,179.75,181.02,175.93,176.26,231680,85.5286,88.6799
2021-10-15 00:00:00+00:00,176.26,180.84,172.48,179.6,278982,83.3094,87.3318
2021-10-16 00:00:00+00:00,179.6,183.44,176.17,181.68,214156,83.9645,84.2675
2021-10-17 00:00:00+00:00,181.68,183.85,179.96,182.25,127376,96.0494,87.7745
2021-10-18 00:00:00+00:00,182.25,182.69,177.55,179.24,290262,85.4464,88.4868
2021-10-19 00:00:00+00:00,179.24,184.22,174.94,178.08,265312,65.8147,82.4369
2021-10-20 00:00:00+00:00,178.08,180.37,177.18,178.11,231307,36.8209,62.694
2021-10-21 00:00:00+00:00,178.11,182.48,173.31,174.22,132630,18.0411,40.2256
2021-10-22 00:00:00+00:00,174.22,179.04,171.27,173.69,269296,4.3395,19.7338
2021-10-23 00:00:00+00:00,173.69,176.6,170.13,173.11,131073,0,7.46021
2021-10-24 00:00:00+00:00,173.11,175.47,169.15,173.8,298204,3.12462,2.48804
2021-10-25 00:00:00+00:00,173.8,174.97,169.54,172.48,123953,3.12462,2.08308
2021-10-26 00:00:00+00:00,172.48,173.47,169.52,172.32,207093,3.12462,3.12462
2021-10-27 00:00:00+00:00,172.32,176.0,170.74,173.15,298664,4.03994,3.42973
2021-10-28 00:00:00+00:00,173.15,176.2,172.82,175.38,174693,18.0603,8.40828
2021-10-29 00:00:00+00:00,175.38,179.82,171.53,174.61,122179,29.0139,17.038
2021-10-30 00:00:00+00:00,174.61,176.02,172.15,174.22,250718,34.3531,27.1424
2021-10-31 00:00:00+00:00,174.22,177.72,173.37,177.14,262201,53.6661,39.011
2021-11-01 00:00:00+00:00,177.14,178.43,175.64,176.98,154374,74.9328,54.3173
2021-11-02 00:00:00+00:00,176.98,181.82,175.89,179.31,162696,98.8869,75.8286
2021-11-03 00:00:00+00:00,179.31,180.68,178.66,179.68,259965,98.8869,90.9022
2021-11-04 00:00:00+00:00,179.68,183.73,176.23,182.62,277748,100,99.258
2021-11-05 00:00:00+00:00,182.62,186.9,182.54,185.27,148781,100,99.629
2021-11-06 00:00:00+00:00,185.27,186.94,183.38,183.84,292256,94.7556,98.2519
2021-11-07 00:00:00+00:00,183.84,187.1,182.06,185.92,119566,93.2474,96.001
2021-11-08 00:00:00+00:00,185.92,187.47,183.19,184.29,184692,86.0287,91.3439
2021-11-09 00:00:00+00:00,184.29,184.9,181.88,183.62,228998,80.8951,86.7237
2021-11-10 00:00:00+00:00,183.62,187.09,179.44,183.07,216570,68.1954,78.3731
2021-11-11 00:00:00+00:00,183.07,186.57,179.92,184.14,208604,64.2849,71.1251
2021-11-12 00:00:00+00:00,184.14,188.32,183.86,185.28,181234,66.6826,66.3876
2021-11-13 00:00:00+00:00,185.28,190.2,183.79,189.18,287133,80.8905,70.6193
2021-11-14 00:00:00+00:00,189.18,190.69,186.84,188.19,157414,85.6477,77.7402
2021-11-15 00:00:00+00:00,188.19,191.99,186.54,187.88,149339,81.2899,82.6094
2021-11-16 00:00:00+00:00,187.88,191.01,183.58,190.18,219240,79.5014,82.1464
2021-11-17 00:00:00+00:00,190.18,192.73,188.84,192.21,246370,85.8735,82.2216
2021-11-18 00:00:00+00:00,192.21,196.8,189.15,190.09,143706,80.4299,81.9349
2021-11-19 00:00:00+00:00,190.09,190.43,188.21,188.61,287485,53.1491,73.1508
2021-11-20 00:00:00+00:00,188.61,189.04,183.85,186.21,285891,19.8158,51.1316
2021-11-21 00:00:00+00:00,186.21,188.77,183.18,188.26,162897,11.705,28.2233
2021-11-22 00:00:00+00:00,188.26,193.17,187.69,192.03,268124,26.3373,19.286
2021-11-23 00:00:00+00:00,192.03,192.73,187.17,190.23,121501,36.5911,24.8778
2021-11-24 00:00:00+00:00,190.23,193.76,189.88,192.32,177648,45.4643,36.1309
2021-11-25 00:00:00+00:00,192.32,196.71,191.38,192.37,263708,43.0251,41.6935
2021-11-26 00:00:00+00:00,192.37,196.96,187.61,196.92,185620,60.8501,49.7799
2021-11-27 00:00:00+00:00,196.92,199.38,196.14,199.0,137323,76.9979,60.291
2021-11-28 00:00:00+00:00,199.0,201.99,195.78,197.61,240525,85.8558,74.5679
2021-11-29 00:00:00+00:00,197.61,201.95,195.29,198.55,229374,85.2901,82.7146
2021-11-30 00:00:00+00:00,198.55,199.31,193.99,194.9,256683,62.8443,77.9967
2021-12-01 00:00:00+00:00,194.9,199.29,190.36,190.7,170391,37.5292,61.8879
2021-12-02 00:00:00+00:00,190.7,193.95,189.83,190.99,237848,10.8384,37.0706
2021-12-03 00:00:00+00:00,190.99,194.04,187.99,193.51,170194,8.58172,18.9831
2021-12-04 00:00:00+00:00,193.51,197.15,193.29,195.4,266692,21.1017,13.5073
2021-12-05 00:00:00+00:00,195.4,198.36,192.17,194.83,150595,30.737,20.1401
2021-12-06 00:00:00+00:00,194.83,196.24,190.44,192.11,114188,24.0893,25.3093
2021-12-07 00:00:00+00:00,192.11,192.97,191.22,191.78,176817,11.5946,22.1403
2021-12-08 00:00:00+00:00,191.78,195.78,189.03,193.87,264141,7.45265,14.3788
2021-12-09 00:00:00+00:00,193.87,196.68,190.62,192.95,279615,9.35327,9.46683
2021-12-10 00:00:00+00:00,192.95,193.5,191.97,192.03,277921,9.32802,8.71131
2021-12-11 00:00:00+00:00,192.03,195.67,188.97,195.11,175472,13.7831,10.8215
2021-12-12 00:00:00+00:00,195.11,199.19,194.72,195.82,208217,23.8263,15.6458
2021-12-13 00:00:00+00:00,195.82,197.01,195.72,196.36,238586,54.4365,30.682
2021-12-14 00:00:00+00:00,196.36,197.0,196.2,196.3,269895,76.3153,51.526
2021-12-15 00:00:00+00:00,196.3,199.22,194.61,198.16,184763,96.5932,75.7817
2021-12-16 00:00:00+00:00,198.16,201.33,193.9,198.71,249847,99.3163,90.7416
2021-12-17 00:00:00+00:00,198.71,201.51,194.13,198.86,207450,100,98.6365
2021-12-18 00:00:00+00:00,198.86,203.0,198.82,202.94,237714,100,99.7721
2021-12-19 00:00:00+00:00,202.94,203.77,200.48,202.44,211915,97.0995,99.0332
2021-12-20 00:00:00+00:00,202.44,202.69,202.08,202.59,170626,94.608,97.2358
2021-12-21 00:00:00+00:00,202.59,205.86,200.71,203.88,150651,94.608,95.4385
2021-12-22 00:00:00+00:00,203.88,208.2,202.14,205.59,296624,97.5085,95.5748
2021-12-23 00:00:00+00:00,205.59,208.09,202.9,204.09,286921,91.7323,94.6163
2021-12-24 00:00:00+00:00,204.09,208.73,199.52,207.28,218375,89.9988,93.0798
2021-12-25 00:00:00+00:00,207.28,209.91,205.97,208.59,262400,89.9988,90.5766
2021-12-26 00:00:00+00:00,208.59,213.52,207.22,212.73,286172,98.2665,92.7547
2021-12-27 00:00:00+00:00,212.73,216.54,210.01,215.79,139841,100,96.0884
2021-12-28 00:00:00+00:00,215.79,220.18,211.9,212.48,275206,82.1134,93.46
2021-12-29 00:00:00+00:00,212.48,212.79,212.15,212.39,299234,62.7527,81.622
2021-12-30 00:00:00+00:00,212.39,212.98,210.18,211.53,243334,38.2264,61.0308
2021-12-31 00:00:00+00:00,211.53,214.17,207.95,214.15,121933,32.1917,44.3902
2022-01-01 00:00:00+00:00,214.15,218.25,212.1,217.43,200466,36.3775,35.5985
2022-01-02 00:00:00+00:00,217.43,221.81,215.45,219.3,140017,50.1059,39.5584
2022-01-03 00:00:00+00:00,219.3,222.55,216.34,217.36,133011,49.0483,45.1772
2022-01-04 00:00:00+00:00,217.36,221.26,213.33,215.68,180806,30.8899,43.348
2022-01-05 00:00:00+00:00,215.68,220.59,211.16,217.16,295028,12.7008,30.8796
2022-01-06 00:00:00+00:00,217.16,221.55,213.05,219.15,113083,14.1761,19.2556
2022-01-07 00:00:00+00:00,219.15,223.67,215.01,219.63,100771,25.2962,17.391
2022-01-08 00:00:00+00:00,219.63,224.35,217.1,223.51,240289,41.4932,26.9885
2022-01-09 00:00:00+00:00,223.51,227.93,221.58,222.21,193088,43.5357,36.775
2022-01-10 00:00:00+00:00,222.21,226.04,221.18,223.19,290498,52.8254,45.9514
2022-01-11 00:00:00+00:00,223.19,226.06,220.99,222.25,273985,43.4787,46.6133
2022-01-12 00:00:00+00:00,222.25,225.8,220.44,224.52,284166,51.637,49.3137
2022-01-13 00:00:00+00:00,224.52,226.81,222.63,225.63,217286,55.2942,50.1366
2022-01-14 00:00:00+00:00,225.63,226.25,221.88,225.4,266671,65.7093,57.5469
2022-01-15 00:00:00+00:00,225.4,225.91,224.3,224.42,205875,56.6311,59.2116
2022-01-16 00:00:00+00:00,224.42,225.31,223.49,224.3,213515,43.5468,55.2958
2022-01-17 00:00:00+00:00,224.3,228.41,223.14,228.1,274082,51.552,50.5766
2022-01-18 00:00:00+00:00,228.1,229.45,227.91,229.02,266173,73.933,56.3439
2022-01-19 00:00:00+00:00,229.02,231.3,227.97,228.27,170480,81.5838,69.0229
2022-01-20 00:00:00+00:00,228.27,229.72,226.03,226.89,182485,51.9669,69.1612
2022-01-21 00:00:00+00:00,226.89,228.36,221.94,227.14,295600,20.407,51.3193
2022-01-22 00:00:00+00:00,227.14,228.61,222.76,226.75,200295,1.77349,24.7158
2022-01-23 00:00:00+00:00,226.75,228.77,226.26,227.21,229852,5.05067,9.07706
2022-01-24 00:00:00+00:00,227.21,227.55,225.24,225.66,114793,3.27719,3.36712
2022-01-25 00:00:00+00:00,225.66,229.53,222.9,224.78,296454,3.27719,3.86835
2022-01-26 00:00:00+00:00,224.78,228.44,220.28,222.03,274991,0,2.18479
2022-01-27 00:00:00+00:00,222.03,222.45,221.35,221.68,225750,0,1.0924
2022-01-28 00:00:00+00:00,221.68,225.38,219.45,222.36,105877,2.47361,0.824537
2022-01-29 00:00:00+00:00,222.36,225.94,219.69,220.69,185062,2.47361,1.64907
2022-01-30 00:00:00+00:00,220.69,221.5,217.78,219.48,228902,2.47361,2.47361
2022-01-31 00:00:00+00:00,219.48,220.48,215.2,218.68,240658,0,1.64907
2022-02-01 00:00:00+00:00,218.68,221.44,213.73,216.89,250050,0,0.824537
2022-02-02 00:00:00+00:00,216.89,218.47,212.57,214.48,126434,0,0
2022-02-03 00:00:00+00:00,214.48,218.16,210.42,215.43,288412,3.1527,1.0509
2022-02-04 00:00:00+00:00,215.43,217.25,214.81,214.93,150378,5.39496,2.84922
2022-02-05 00:00:00+00:00,214.93,217.53,212.16,214.25,129007,6.3198,4.95582
2022-02-06 00:00:00+00:00,214.25,217.41,210.48,214.69,148950,6.26013,5.99163
2022-02-07 00:00:00+00:00,214.69,218.8,212.63,213.14,177644,4.01788,5.5326
2022-02-08 00:00:00+00:00,213.14,216.9,209.81,215.87,222344,20.2459,10.1746
2022-02-09 00:00:00+00:00,215.87,216.11,211.69,214.22,137198,27.885,17.3829
2022-02-10 00:00:00+00:00,214.22,215.81,211.23,215.09,294907,43.6142,30.5817
2022-02-11 00:00:00+00:00,215.09,219.4,214.4,217.99,274393,59.7947,43.7646
2022-02-12 00:00:00+00:00,217.99,219.48,213.94,214.05,101815,65.7356,56.3815
2022-02-13 00:00:00+00:00,214.05,218.5,212.49,213.66,120167,65.2427,63.591
2022-02-14 00:00:00+00:00,213.66,218.45,212.51,213.67,273257,47.2026,59.3936
2022-02-15 00:00:00+00:00,213.67,218.08,210.52,217.13,239608,63.6461,58.6971
2022-02-16 00:00:00+00:00,217.13,217.23,213.35,216.03,261408,76.6427,62.4971
2022-02-17 00:00:00+00:00,216.03,217.47,211.61,214.83,269441,84.4526,74.9138
2022-02-18 00:00:00+00:00,214.83,218.41,213.26,218.05,214316,84.6693,81.9215
2022-02-19 00:00:00+00:00,218.05,222.1,214.96,216.4,168495,83.4257,84.1826
2022-02-20 00:00:00+00:00,216.4,218.96,211.59,212.21,189063,73.888,80.661
2022-02-21 00:00:00+00:00,212.21,214.24,207.73,213.06,219830,50.1755,69.1631
2022-02-22 00:00:00+00:00,213.06,217.38,208.15,216.91,272637,52.8915,58.985
2022-02-23 00:00:00+00:00,216.91,220.18,214.83,217.42,292501,71.2431,58.1034
2022-02-24 00:00:00+00:00,217.42,218.09,216.0,216.95,101319,90.675,71.6032
2022-02-25 00:00:00+00:00,216.95,219.69,215.26,215.79,260521,82.9328,81.6169
2022-02-26 00:00:00+00:00,215.79,217.63,214.97,215.44,274230,70.8254,81.4777
2022-02-27 00:00:00+00:00,215.44,219.66,211.88,215.84,286971,64.3544,72.7042
2022-02-28 00:00:00+00:00,215.84,217.43,212.58,217.39,141141,75.601,70.2603
2022-03-01 00:00:00+00:00,217.39,218.58,215.03,215.24,161477,74.2605,71.4053
2022-03-02 00:00:00+00:00,215.24,217.95,211.22,215.38,126954,71.1767,73.6794
2022-03-03 00:00:00+00:00,215.38,217.76,212.15,212.25,231802,38.2746,61.2373
2022-03-04 00:00:00+00:00,212.25,214.41,210.26,212.13,119163,19.8055,43.0856
2022-03-05 00:00:00+00:00,212.13,213.39,209.97,210.11,153252,0.30755,19.4625
2022-03-06 00:00:00+00:00,210.11,210.3,209.87,210.02,129286,0,6.70434
2022-03-07 00:00:00+00:00,210.02,213.78,208.75,210.79,218097,5.36882,1.89212
2022-03-08 00:00:00+00:00,210.79,213.43,209.07,211.22,282290,13.7606,6.37647
2022-03-09 00:00:00+00:00,211.22,213.39,210.5,211.96,163272,27.3884,15.5059
2022-03-10 00:00:00+00:00,211.96,214.87,210.13,213.11,189713,43.481,28.21
2022-03-11 00:00:00+00:00,213.11,215.48,210.19,215.19,121647,68.4226,46.4307
2022-03-12 00:00:00+00:00,215.19,219.51,211.63,213.89,138304,80.4491,64.1176
2022-03-13 00:00:00+00:00,213.89,217.85,210.26,214.11,153152,85.9693,78.2803
2022-03-14 00:00:00+00:00,214.11,215.87,210.66,212.44,258219,70.0043,78.8076
2022-03-15 00:00:00+00:00,212.44,214.71,210.94,210.99,193839,54.2501,70.0745
2022-03-16 00:00:00+00:00,210.99,215.38,208.78,209.35,239082,29.5721,51.2755
2022-03-17 00:00:00+00:00,209.35,213.24,208.2,212.08,122194,32.1696,38.6639
2022-03-18 00:00:00+00:00,212.08,215.88,211.58,211.66,267864,40.1105,33.9507
2022-03-19 00:00:00+00:00,211.66,212.29,207.44,210.72,252183,50.9009,41.0603
2022-03-20 00:00:00+00:00,210.72,211.2,207.75,210.95,129448,44.1964,45.0693
2022-03-21 00:00:00+00:00,210.95,213.55,208.16,210.81,192371,38.7853,44.6275
2022-03-22 00:00:00+00:00,210.81,214.52,206.18,211.79,266128,45.7437,42.9085
2022-03-23 00:00:00+00:00,211.79,216.47,209.08,214.42,161689,65.8157,50.1149
2022-03-24 00:00:00+00:00,214.42,218.76,211.34,217.42,287975,86.7191,66.0928
2022-03-25 00:00:00+00:00,217.42,221.71,214.4,219.8,191861,100,84.1783
2022-03-26 00:00:00+00:00,219.8,221.58,218.31,219.04,189031,96.9991,94.5727
2022-03-27 00:00:00+00:00,219.04,221.26,214.65,215.37,158205,81.5336,92.8442
2022-03-28 00:00:00+00:00,215.37,219.69,211.88,213.08,163058,59.8154,79.4493
2022-03-29 00:00:00+00:00,213.08,217.28,212.1,215.23,128060,46.7479,62.6989
2022-03-30 00:00:00+00:00,215.23,218.85,213.3,214.63,290568,40.473,49.0121
2022-03-31 00:00:00+00:00,214.63,214.92,212.62,214.33,288624,39.4005,42.2071
2022-04-01 00:00:00+00:00,214.33,217.69,214.18,215.61,144142,37.0689,38.9808
2022-04-02 00:00:00+00:00,215.61,217.89,213.7,214.02,156175,34.1623,36.8772
2022-04-03 00:00:00+00:00,214.02,216.45,212.91,213.93,266212,31.9733,34.4015
2022-04-04 00:00:00+00:00,213.93,214.57,209.27,214.33,217798,22.8301,29.6552
2022-04-05 00:00:00+00:00,214.33,216.29,212.72,213.42,139633,14.165,22.9894
2022-04-06 00:00:00+00:00,213.42,215.69,211.76,213.36,211948,5.81134,14.2688
2022-04-07 00:00:00+00:00,213.36,214.73,211.81,213.64,131890,1.66269,7.213
2022-04-08 00:00:00+00:00,213.64,216.9,211.66,211.94,224318,1.64155,3.03853
2022-04-09 00:00:00+00:00,211.94,214.41,209.64,211.41,184706,1.64155,1.6486
2022-04-10 00:00:00+00:00,211.41,211.43,209.8,211.39,107911,0,1.09436
2022-04-11 00:00:00+00:00,211.39,212.46,208.91,212.19,183452,9.31021,3.65058
2022-04-12 00:00:00+00:00,212.19,216.91,210.24,215.94,275887,42.6435,17.3179
2022-04-13 00:00:00+00:00,215.94,216.21,211.02,214.49,178927,65.5353,39.163
2022-04-14 00:00:00+00:00,214.49,215.35,210.04,210.8,134351,57.7953,55.3247
2022-04-15 00:00:00+00:00,210.8,211.17,206.6,206.95,167797,24.462,49.2642
2022-04-16 00:00:00+00:00,206.95,211.82,205.24,209.64,110801,12.922,31.7264
2022-04-17 00:00:00+00:00,209.64,211.59,205.99,206.03,206791,13.4392,16.9411
2022-04-18 00:00:00+00:00,206.03,207.32,203.55,205.44,148152,14.1635,13.5082
2022-04-19 00:00:00+00:00,205.44,207.83,203.93,206.35,297263,7.36014,11.6543
2022-04-20 00:00:00+00:00,206.35,206.88,204.25,204.26,221132,5.27271,8.93212
2022-04-21 00:00:00+00:00,204.26,205.92,200.08,205.76,288871,10.763,7.79862
2022-04-22 00:00:00+00:00,205.76,208.39,205.15,206.67,154171,16.0775,10.7044
2022-04-23 00:00:00+00:00,206.67,211.04,202.73,210.14,233376,38.289,21.7098
2022-04-24 00:00:00+00:00,210.14,211.84,208.8,208.92,148059,50.5177,34.9614
2022-04-25 00:00:00+00:00,208.92,213.28,205.02,209.79,276650,62.0562,50.2876
2022-04-26 00:00:00+00:00,209.79,212.79,208.9,210.58,238500,70.507,61.027
2022-04-27 00:00:00+00:00,210.58,211.09,206.4,209.95,223084,82.2902,71.6178
2022-04-28 00:00:00+00:00,209.95,213.52,209.59,210.19,262225,92.3635,81.7202
2022-04-29 00:00:00+00:00,210.19,214.09,207.18,207.8,164470,81.4175,85.3571
2022-04-30 00:00:00+00:00,207.8,209.62,204.65,208.6,129987,75.4297,83.0703
2022-05-01 00:00:00+00:00,208.6,212.11,204.27,204.8,188912,52.0709,69.6394
2022-05-02 00:00:00+00:00,204.8,207.41,201.91,201.98,247099,32.3546,53.285
2022-05-03 00:00:00+00:00,201.98,202.81,201.13,202.12,195614,8.93605,31.1205
2022-05-04 00:00:00+00:00,202.12,203.94,200.87,202.26,248719,2.51207,14.6009
2022-05-05 00:00:00+00:00,202.26,207.26,202.02,206.83,214530,28.8309,13.4264
2022-05-06 00:00:00+00:00,206.83,210.62,205.22,210.53,225225,61.3441,30.8957
2022-05-07 00:00:00+00:00,210.53,215.11,205.71,212.02,106677,92.9855,61.0535
2022-05-08 00:00:00+00:00,212.02,216.05,211.5,214.34,280607,100,84.7766
2022-05-09 00:00:00+00:00,214.34,217.5,212.95,213.6,278089,97.7658,96.9171
2022-05-10 00:00:00+00:00,213.6,216.66,213.32,216.35,138142,97.7658,98.5105
2022-05-11 00:00:00+00:00,216.35,219.47,211.89,219.18,117596,97.7658,97.7658
2022-05-12 00:00:00+00:00,219.18,222.09,219.18,220.9,223530,100,98.5105
2022-05-13 00:00:00+00:00,220.9,225.62,218.03,224.11,277891,100,99.2553
2022-05-14 00:00:00+00:00,224.11,225.16,219.76,219.78,213812,91.0674,97.0225
2022-05-15 00:00:00+00:00,219.78,223.95,215.65,220.03,181406,82.415,91.1608
2022-05-16 00:00:00+00:00,220.03,224.49,219.96,224.25,210134,78.0696,83.8506
2022-05-17 00:00:00+00:00,224.25,227.59,222.71,224.9,141541,83.2289,81.2378
2022-05-18 00:00:00+00:00,224.9,226.19,224.32,224.9,248784,86.29,82.5295
2022-05-19 00:00:00+00:00,224.9,228.0,222.56,222.79,250745,72.9732,80.8307
2022-05-20 00:00:00+00:00,222.79,224.87,221.11,221.72,265128,50.5988,69.954
2022-05-21 00:00:00+00:00,221.72,226.68,216.74,221.24,257321,23.4311,49.001
2022-05-22 00:00:00+00:00,221.24,225.29,217.4,219.59,186087,7.75996,27.2633
2022-05-23 00:00:00+00:00,219.59,221.42,217.26,219.05,132405,0.574289,10.5884
2022-05-24 00:00:00+00:00,219.05,222.42,216.15,220.94,135184,6.45775,4.93067
2022-05-25 00:00:00+00:00,220.94,224.22,217.2,223.66,224569,21.116,9.38266
2022-05-26 00:00:00+00:00,223.66,223.97,220.81,223.18,235471,33.4875,20.3537
2022-05-27 00:00:00+00:00,223.18,227.4,221.63,225.19,277403,50.6687,35.0907
2022-05-28 00:00:00+00:00,225.19,225.78,224.85,225.08,238577,58.9066,47.6876
2022-05-29 00:00:00+00:00,225.08,227.19,224.0,224.21,156415,63.3907,57.6553
2022-05-30 00:00:00+00:00,224.21,229.15,219.78,224.37,253387,57.3124,59.8699
2022-05-31 00:00:00+00:00,224.37,225.32,223.32,224.41,191332,52.1646,57.6226
2022-06-01 00:00:00+00:00,224.41,226.56,221.58,226.47,115136,68.6422,59.3731
2022-06-02 00:00:00+00:00,226.47,229.99,223.79,227.19,147810,84.415,68.4073
2022-06-03 00:00:00+00:00,227.19,232.15,224.88,226.43,175365,92.7536,81.937
2022-06-04 00:00:00+00:00,226.43,228.43,221.48,221.51,143794,59.4203,78.863
2022-06-05 00:00:00+00:00,221.51,224.69,220.33,222.92,233074,32.313,61.4956
2022-06-06 00:00:00+00:00,222.92,225.32,221.58,223.04,223192,12.9825,34.9053
2022-06-07 00:00:00+00:00,223.04,225.44,218.62,224.47,235382,26.0265,23.774
2022-06-08 00:00:00+00:00,224.47,224.97,223.46,224.66,208593,33.6721,24.227
2022-06-09 00:00:00+00:00,224.66,226.97,220.79,221.89,231387,26.9157,28.8714
2022-06-10 00:00:00+00:00,221.89,223.98,220.37,223.67,104141,21.9324,27.5067
2022-06-11 00:00:00+00:00,223.67,228.66,222.57,223.72,117764,16.3437,21.7306
2022-06-12 00:00:00+00:00,223.72,226.67,221.2,222.41,271965,17.789,18.6883
2022-06-13 00:00:00+00:00,222.41,224.87,217.85,220.93,117023,9.7283,14.6203
2022-06-14 00:00:00+00:00,220.93,221.7,218.66,221.66,193202,4.76633,10.7612
2022-06-15 00:00:00+00:00,221.66,224.71,219.18,224.52,232083,18.1999,10.8982
2022-06-16 00:00:00+00:00,224.52,229.34,219.84,220.24,197634,18.1999,13.722
2022-06-17 00:00:00+00:00,220.24,224.9,216.83,218.57,157581,14.8789,17.0929
2022-06-18 00:00:00+00:00,218.57,219.2,216.16,217.75,195443,0,11.0262
2022-06-19 00:00:00+00:00,217.75,218.11,212.96,213.46,232794,0,4.95962
2022-06-20 00:00:00+00:00,213.46,214.53,210.03,211.49,240820,0,0
2022-06-21 00:00:00+00:00,211.49,216.29,210.12,215.0,178973,11.4298,3.80995
2022-06-22 00:00:00+00:00,215.0,219.05,211.1,214.57,288542,22.6302,11.3533
2022-06-23 00:00:00+00:00,214.57,216.38,211.31,215.24,114349,36.0833,23.3811
2022-06-24 00:00:00+00:00,215.24,216.48,213.83,216.4,183754,41.9903,33.5679
2022-06-25 00:00:00+00:00,216.4,219.01,214.2,218.53,253389,54.7839,44.2858
2022-06-26 00:00:00+00:00,218.53,219.1,215.13,216.14,189710,58.9937,51.9226
2022-06-27 00:00:00+00:00,216.14,220.29,213.45,214.8,199036,56.0564,56.6114
2022-06-28 00:00:00+00:00,214.8,217.19,210.51,216.57,130637,52.1452,55.7318
2022-06-29 00:00:00+00:00,216.57,217.83,212.33,216.7,237933,62.9578,57.0532
2022-06-30 00:00:00+00:00,216.7,218.01,214.94,217.9,226238,81.8916,65.6649
2022-07-01 00:00:00+00:00,217.9,218.77,213.39,214.29,129362,81.7641,75.5378
2022-07-02 00:00:00+00:00,214.29,218.09,211.0,216.24,119065,81.7187,81.7915
2022-07-03 00:00:00+00:00,216.24,218.43,213.44,217.8,174549,81.7187,81.7339
2022-07-04 00:00:00+00:00,217.8,219.94,216.56,217.08,204078,90.2427,84.5601
2022-07-05 00:00:00+00:00,217.08,219.22,212.71,214.23,127549,72.5693,81.5103
2022-07-06 00:00:00+00:00,214.23,217.75,211.92,213.52,218023,40.8872,67.8997
2022-07-07 00:00:00+00:00,213.52,213.8,209.54,213.01,206519,12.4079,41.9548
2022-07-08 00:00:00+00:00,213.01,215.25,208.26,211.94,203238,1.6512,18.3154
2022-07-09 00:00:00+00:00,211.94,215.66,209.41,212.52,217878,5.01453,6.35787
2022-07-10 00:00:00+00:00,212.52,212.69,209.2,210.55,175635,5.01453,3.89342
2022-07-11 00:00:00+00:00,210.55,212.04,209.67,211.56,272259,12.6907,7.57325
2022-07-12 00:00:00+00:00,211.56,212.74,209.64,211.8,235899,17.1983,11.6345
2022-07-13 00:00:00+00:00,211.8,214.32,209.92,213.74,248515,41.059,23.6493
2022-07-14 00:00:00+00:00,213.74,216.58,209.51,210.09,130870,38.4717,32.243
2022-07-15 00:00:00+00:00,210.09,212.67,207.87,208.94,197713,28.9921,36.1743
2022-07-16 00:00:00+00:00,208.94,209.29,207.5,207.95,152653,5.13137,24.1984
2022-07-17 00:00:00+00:00,207.95,212.64,205.85,206.65,126614,0.042427,11.3886
2022-07-18 00:00:00+00:00,206.65,207.71,205.49,205.64,147608,0,1.7246
2022-07-19 00:00:00+00:00,205.64,210.37,205.61,207.05,224160,10.5115,3.51796
2022-07-20 00:00:00+00:00,207.05,210.41,204.73,208.72,118251,32.5021,14.3379
2022-07-21 00:00:00+00:00,208.72,213.06,207.69,210.25,267357,64.1385,35.7174
2022-07-22 00:00:00+00:00,210.25,210.91,209.62,210.8,279744,86.9603,61.2003
2022-07-23 00:00:00+00:00,210.8,215.36,209.11,214.83,183240,98.303,83.1339
2022-07-24 00:00:00+00:00,214.83,215.96,214.15,214.59,299180,99.1549,94.8061
2022-07-25 00:00:00+00:00,214.59,218.81,212.0,216.24,217974,99.1549,98.8709
2022-07-26 00:00:00+00:00,216.24,220.35,212.53,219.46,295862,99.1549,99.1549
2022-07-27 00:00:00+00:00,219.46,221.33,217.02,219.71,145329,100,99.4366
2022-07-28 00:00:00+00:00,219.71,223.27,215.24,218.69,253390,96.9159,98.6903
2022-07-29 00:00:00+00:00,218.69,218.86,215.16,216.73,201901,88.3135,95.0765
2022-07-30 00:00:00+00:00,216.73,221.46,212.31,214.07,294165,73.2438,86.1577
2022-07-31 00:00:00+00:00,214.07,215.06,211.82,212.8,192463,58.4917,73.3497
2022-08-01 00:00:00+00:00,212.8,213.52,212.29,213.45,121364,48.2193,59.9849
2022-08-02 00:00:00+00:00,213.45,215.18,210.54,212.0,206723,35.8593,47.5234
2022-08-03 00:00:00+00:00,212.0,215.61,208.14,214.8,153230,31.6745,38.5844
2022-08-04 00:00:00+00:00,214.8,216.41,214.01,214.67,213528,27.9931,31.8423
2022-08-05 00:00:00+00:00,214.67,214.86,214.12,214.81,198943,33.437,31.0349
2022-08-06 00:00:00+00:00,214.81,217.23,214.62,214.85,204902,33.6464,31.6922
2022-08-07 00:00:00+00:00,214.85,215.74,210.83,213.25,234923,26.9215,31.335
2022-08-08 00:00:00+00:00,213.25,214.29,211.94,212.73,220697,17.3061,25.958
2022-08-09 00:00:00+00:00,212.73,217.02,211.92,213.98,180478,13.7939,19.3405
2022-08-10 00:00:00+00:00,213.98,214.16,209.03,213.37,124053,15.7278,15.6093
2022-08-11 00:00:00+00:00,213.37,214.5,212.11,212.33,253460,14.1775,14.5664
2022-08-12 00:00:00+00:00,212.33,216.46,208.94,215.54,180477,39.5014,23.1356
2022-08-13 00:00:00+00:00,215.54,217.31,211.92,216.21,265609,66.8487,40.1759
2022-08-14 00:00:00+00:00,216.21,221.05,212.71,219.27,260712,100,68.7834
2022-08-15 00:00:00+00:00,219.27,223.74,216.56,222.47,109747,100,88.9496
2022-08-16 00:00:00+00:00,222.47,224.88,222.34,224.27,122359,100,100
2022-08-17 00:00:00+00:00,224.27,227.07,219.68,223.75,123618,97.7112,99.2371
2022-08-18 00:00:00+00:00,223.75,228.28,223.72,224.25,261260,96.424,98.0451
2022-08-19 00:00:00+00:00,224.25,225.36,219.9,223.59,111423,92.0091,95.3814
2022-08-20 00:00:00+00:00,223.59,228.14,223.24,225.71,118716,94.2979,94.2437
2022-08-21 00:00:00+00:00,225.71,227.07,223.64,223.96,161736,87.6288,91.3119
2022-08-22 00:00:00+00:00,223.96,225.79,220.55,222.24,278228,77.0367,86.3212
2022-08-23 00:00:00+00:00,222.24,223.34,221.14,222.01,259216,61.1104,75.2587
2022-08-24 00:00:00+00:00,222.01,222.86,218.13,222.47,122372,54.4787,64.2086
2022-08-25 00:00:00+00:00,222.47,225.56,219.84,220.12,212701,36.1524,50.5805
2022-08-26 00:00:00+00:00,220.12,221.93,219.31,221.47,160996,24.7043,38.4451
2022-08-27 00:00:00+00:00,221.47,223.01,219.86,220.97,156126,9.19399,23.3502
2022-08-28 00:00:00+00:00,220.97,221.97,219.97,221.56,103116,15.1629,16.3537
2022-08-29 00:00:00+00:00,221.56,226.2,216.79,223.71,110674,24.35,16.2356
2022-08-30 00:00:00+00:00,223.71,228.11,220.84,227.52,122967,48.9626,29.4918
2022-08-31 00:00:00+00:00,227.52,231.46,224.62,227.41,150159,70.1573,47.8233
2022-09-01 00:00:00+00:00,227.41,231.01,224.01,230.48,157216,88.3447,69.1549
2022-09-02 00:00:00+00:00,230.48,232.93,226.99,231.92,247117,93.8303,84.1108
2022-09-03 00:00:00+00:00,231.92,235.3,227.88,235.23,272324,100,94.0584
2022-09-04 00:00:00+00:00,235.23,238.22,234.77,237.56,218909,100,97.9434
2022-09-05 00:00:00+00:00,237.56,238.93,237.03,237.49,151818,99.6929,99.8976
2022-09-06 00:00:00+00:00,237.49,242.2,233.69,241.55,269804,99.6929,99.7953
2022-09-07 00:00:00+00:00,241.55,245.41,238.34,243.71,212115,99.6929,99.6929
2022-09-08 00:00:00+00:00,243.71,248.58,239.9,242.75,299524,96.2973,98.561
2022-09-09 00:00:00+00:00,242.75,243.51,239.39,242.61,265070,92.0396,96.0099
2022-09-10 00:00:00+00:00,242.61,246.54,240.16,241.55,242407,83.0499,90.4623
2022-09-11 00:00:00+00:00,241.55,243.28,241.34,243.21,104644,78.2803,84.4566
2022-09-12 00:00:00+00:00,243.21,247.1,241.43,241.69,173745,60.0929,73.8077
2022-09-13 00:00:00+00:00,241.69,242.87,237.66,240.15,119888,36.5807,58.318
2022-09-14 00:00:00+00:00,240.15,240.26,238.58,238.6,261409,11.7197,36.1311
2022-09-15 00:00:00+00:00,238.6,241.87,235.95,240.84,231961,6.50819,18.2695
2022-09-16 00:00:00+00:00,240.84,241.44,239.7,240.07,105160,7.66391,8.63059
2022-09-17 00:00:00+00:00,240.07,243.9,235.76,241.09,257378,12.3095,8.82721
2022-09-18 00:00:00+00:00,241.09,245.37,236.64,241.74,206215,12.9602,10.9779
2022-09-19 00:00:00+00:00,241.74,243.46,241.0,242.92,266852,20.2973,15.189
2022-09-20 00:00:00+00:00,242.92,243.6,239.5,241.34,251317,16.543,16.6001
2022-09-21 00:00:00+00:00,241.34,242.16,238.05,241.9,142070,13.2127,16.6843
2022-09-22 00:00:00+00:00,241.9,245.8,240.01,240.82,219428,3.88848,11.2147
2022-09-23 00:00:00+00:00,240.82,243.37,240.35,242.23,223083,8.48519,8.52879
2022-09-24 00:00:00+00:00,242.23,247.09,239.46,239.77,289830,5.48802,5.95389
2022-09-25 00:00:00+00:00,239.77,240.27,239.32,239.53,198073,5.48802,6.48707
2022-09-26 00:00:00+00:00,239.53,243.61,235.75,237.93,272582,0,3.65868
